msg_id,filename,tags,emb_0,emb_1,emb_2,emb_3,emb_4,emb_5,emb_6,emb_7,emb_8,emb_9,emb_10,emb_11,emb_12,emb_13,emb_14,emb_15,emb_16,emb_17,emb_18,emb_19,emb_20,emb_21,emb_22,emb_23,emb_24,emb_25,emb_26,emb_27,emb_28,emb_29,emb_30,emb_31,emb_32,emb_33,emb_34,emb_35,emb_36,emb_37,emb_38,emb_39,emb_40,emb_41,emb_42,emb_43,emb_44,emb_45,emb_46,emb_47,emb_48,emb_49,emb_50,emb_51,emb_52,emb_53,emb_54,emb_55,emb_56,emb_57,emb_58,emb_59,emb_60,emb_61,emb_62,emb_63,emb_64,emb_65,emb_66,emb_67,emb_68,emb_69,emb_70,emb_71,emb_72,emb_73,emb_74,emb_75,emb_76,emb_77,emb_78,emb_79,emb_80,emb_81,emb_82,emb_83,emb_84,emb_85,emb_86,emb_87,emb_88,emb_89,emb_90,emb_91,emb_92,emb_93,emb_94,emb_95,emb_96,emb_97,emb_98,emb_99,emb_100,emb_101,emb_102,emb_103,emb_104,emb_105,emb_106,emb_107,emb_108,emb_109,emb_110,emb_111,emb_112,emb_113,emb_114,emb_115,emb_116,emb_117,emb_118,emb_119,emb_120,emb_121,emb_122
1,36mgla – мыслимыслимысли.mp3, ,92.28515625,-177.0202188208515,102.18842110589698,-16.062739191507852,30.72217715853526,-8.764522550650584,6.916564039058156,-11.920514994657331,1.7319533342932474,-14.553747275637257,-0.2004455907247315,-5.883298092970143,-3.9944323413763887,-3.031391682678166,55.68357623508291,43.27005183502544,20.028411415842665,12.624982877550686,11.556369145513193,9.28897115421342,10.05698266985534,8.04581267925538,9.92994466653383,8.482526021511907,8.838231573288965,8.860892292607588,7.911828968573022,0.067398104460243,-0.1258822257744068,-0.020691948793638,-0.204101236391939,-0.120099481669496,-0.0963527306125741,-0.1147318164585158,-0.0731089484545885,-0.07836797907891,-0.0190389105435,-0.058032752227406,-0.052385840633953,-0.0087754592345452,5.938413840683123,5.289426475337108,2.18560578886589,1.7523550662495515,1.7938014268013265,1.4275087131145678,1.3104248022329448,1.1390608021219593,1.4887758953555952,1.1799271113674668,1.4347639979814142,1.5220556064060675,1.1509610825825858,0.0804003477743309,0.1724144135440849,0.0205771870663918,-0.0294815358677702,-0.0357322640929739,-0.0635709921149594,0.0146818280140625,-0.019683478075298,0.0230627534321773,0.0246493778235342,0.0006762564487781,-0.0247353540437388,0.0087761783219276,6.130146301571966,4.276633177633312,2.039118623810579,1.372116015075708,1.1667690225474685,0.9153773621495086,0.9447576659252256,0.8505901514988353,1.1545410535400735,0.9643194475069152,0.9833631540564686,1.0659389236855177,0.8180388511597537,0.3220181686330851,0.2609162577327317,0.4572465372462987,0.2784374678179759,0.2590472319768455,0.2208551352766032,0.2596818313116127,0.2160454295589272,0.230964247263784,0.4171162484742609,0.314779572168733,0.4445182699210694,0.2703200788318059,0.1823617220756238,0.4207134158306089,0.2163206003598723,0.2609137205593693,0.1960527487463792,0.2722649085821393,0.1924060795535477,0.1815880968435748,0.3290578142271683,0.2107648649254086,0.383568532705535,24.79713676726349,19.245991027028392,22.09721075912993,21.85774775519621,21.137991600306098,19.3618737289117,50.17120945836581,5.490639980112127,5.552133143780303,5.4001399387810745,4.769961723793116,5.024033708233435,4.035873890168623,4.926034629809576,2039.6063072599384,1000.1836085987584,4103.969319661458,1875.6010707445548,0.0913718894675926,0.0615197825296669
1,36mgla – мыслимыслимысли.mp3, ,92.28515625,-177.0202188208515,102.18842110589698,-16.062739191507852,30.72217715853526,-8.764522550650584,6.916564039058156,-11.920514994657333,1.7319533342932474,-14.553747275637255,-0.20044559072473156,-5.883298092970143,-3.9944323413763887,-3.031391682678166,55.68357623508291,43.27005183502544,20.028411415842662,12.624982877550686,11.556369145513193,9.288971154213419,10.056982669855339,8.04581267925538,9.92994466653383,8.482526021511907,8.838231573288965,8.860892292607588,7.911828968573022,0.06739810446024308,-0.1258822257744068,-0.020691948793638056,-0.20410123639193903,-0.12009948166949606,-0.09635273061257414,-0.11473181645851582,-0.07310894845458853,-0.07836797907891005,-0.019038910543500088,-0.05803275222740608,-0.05238584063395307,-0.00877545923454526,5.938413840683123,5.289426475337108,2.1856057888658906,1.7523550662495515,1.7938014268013263,1.4275087131145678,1.3104248022329448,1.1390608021219593,1.4887758953555952,1.1799271113674668,1.4347639979814142,1.5220556064060677,1.1509610825825858,0.08040034777433093,0.17241441354408493,0.020577187066391837,-0.02948153586777029,-0.035732264092973906,-0.06357099211495944,0.0146818280140625,-0.019683478075298078,0.02306275343217738,0.024649377823534224,0.0006762564487781883,-0.024735354043738805,0.008776178321927603,6.130146301571966,4.276633177633312,2.039118623810579,1.372116015075708,1.1667690225474685,0.9153773621495086,0.9447576659252256,0.8505901514988353,1.1545410535400737,0.9643194475069153,0.9833631540564686,1.0659389236855177,0.8180388511597537,0.32201816863308513,0.26091625773273175,0.45724653724629877,0.27843746781797596,0.2590472319768455,0.2208551352766032,0.2596818313116127,0.21604542955892722,0.23096424726378403,0.41711624847426093,0.31477957216873304,0.44451826992106946,0.2703200788318059,0.18236172207562387,0.42071341583060895,0.21632060035987236,0.2609137205593693,0.19605274874637926,0.2722649085821393,0.1924060795535477,0.18158809684357483,0.3290578142271683,0.21076486492540866,0.383568532705535,24.797136767263492,19.245991027028392,22.097210759129926,21.85774775519621,21.137991600306098,19.3618737289117,50.17120945836581,5.490639980112127,5.552133143780303,5.4001399387810745,4.769961723793116,5.024033708233435,4.035873890168623,4.926034629809576,2039.6063072599384,1000.1836085987585,4103.969319661458,1875.6010707445548,0.0913718894675926,0.061519782529666965
2,Ageispolis - Aphex Twin.mp3, ,107.666015625,-294.75026616932433,50.72877273625798,42.7477174539257,23.504633023874998,14.277546204810525,17.080278220092072,-3.6699488312925825,18.19794248357231,7.146045311267868,14.993286039450288,4.600360333574591,9.729160523570982,3.2724986328386962,81.94206806750525,32.97877628369353,23.40507791460888,14.244165319019032,13.911214297730572,13.66902566489007,11.101076076096534,10.747370459166282,9.267169869960647,9.132459793024006,6.477045077560038,6.992841669799479,8.860290252103901,-0.9124224155546269,-0.30614967906077245,0.0860889931295619,0.012704397229776699,-0.009214251049230857,0.19507078648786302,0.20225423530612233,0.22508630023578094,0.03733784899893102,-0.0750083989251037,-0.03045378595211164,-0.07286934542216729,-0.12293389064754233,5.712122813472544,4.9752266757790045,2.7561694448232146,1.9758446337494835,2.016309064630358,1.6586127416559897,1.3168195947029184,1.4859596377126454,1.2933574207374916,1.2691687419921596,1.0241905072967372,0.9585775560242661,1.140913678581076,0.03448205990831793,0.15120765267882819,-0.05661891756814985,0.08746596978241462,0.003754365049521037,0.019502345052904185,0.029090689581439455,0.027064668090099955,0.05266631965490955,-0.029681579036184333,-0.003986181140539379,-0.004864004462343686,-0.015187856575249936,4.719568176537377,3.1794601415703845,2.2433732998600244,1.5620205946323058,1.145130096041243,1.272924704616553,0.76890397084462,0.8894543096906862,0.7772682210823142,0.7631314530397647,0.7270281157253841,0.5800303397664585,0.7293685754866394,0.48805617170234467,0.3016713908634559,0.2486518663442248,0.2225455115379494,0.263782673431661,0.44910464166650294,0.26593533332368363,0.2398521953413657,0.36341577021219695,0.39125116122823655,0.42993377306831665,0.42548110091970387,0.36200058466151425,0.21060294985479724,0.22633563899428089,0.2487623567793851,0.21555146779341952,0.4040182355161504,0.2087464789682777,0.1706224533289489,0.2623110110556881,0.2843923150821396,0.33391785479369235,0.28972597728869426,24.711392200845072,16.318538485507457,16.70149795246705,17.104302670094636,17.270037905950502,17.285453321341098,47.4536959001361,4.312543575747793,5.115618956517632,3.6779444673448634,4.0050615877421665,2.8901240996088404,3.0218628176802014,4.280378204451073,2784.393398677275,1099.6277592709487,6056.346299913194,2216.8220923701733,0.08136513792438271,0.05795381775883627
3,"Antonio_Vivaldi,_Europa_Galante,_Fabio_Biondi_Vivaldi_La_stra.mp3", ,107.666015625,-185.7320036711516,116.1274242401123,-10.736325388889256,30.849575757980347,0.05307774254937225,-0.6330792998182183,-2.988640378010862,4.7451237189457,-1.9003173825733455,1.5750351604764108,-5.01203711827596,0.9365709147151605,-1.5319463505789086,69.25018754834065,18.96067796847824,13.548817060191608,8.400917268680475,7.4392776458894465,6.820987376978434,6.71836343848921,6.951837578602995,9.094113877159137,6.884049020114616,7.87041107594682,10.154574105725528,8.161020899071856,-0.9967469873918612,-0.13704128790809197,0.17848778806661292,-0.07355377068714365,-0.009503736977040031,0.052964762384991766,0.0680500000681481,0.06866383132737498,0.11046903369657947,0.028826105607426322,0.012380878906697035,0.0005081910072296941,-0.014366252142303611,6.7648092365986905,3.472884531831763,1.448459829221776,1.198970953918348,1.171314706602345,1.0505847201157401,0.9124508119872771,1.1491571492322554,1.2853395977715325,1.046570250882142,1.0988515847907623,1.1895478733383469,1.0842378682231981,-0.1279141512113037,0.022724146162803622,0.020274906045538776,0.0011087163778332372,0.011817111057390311,0.010306642219578032,-0.002335411190690565,0.014551488573398488,0.0433231657327359,0.028805708270850536,-0.0024650110025964942,-0.04959177437244144,-0.004642908252994129,3.480111123295798,1.9761233436661172,0.9746703416679633,0.838833500344827,0.7677316178640927,0.6689173364337275,0.6192334656874072,0.6986906539613343,0.8700721775417121,0.7566274545445247,0.8137549407842978,0.8205576376355334,0.6401325189757333,0.26030688434206867,0.24931884411920757,0.27254503088526105,0.44152508743853236,0.2586568313274234,0.3931212657200241,0.3282750580980109,0.161504759033567,0.1797050742991556,0.2775926858518721,0.6069444998262311,0.3015344296783255,0.2480341616111481,0.23368717812525522,0.2134770903177133,0.3190811382448691,0.17226026378764955,0.32941180460352,0.272833868338449,0.15836152599097583,0.2111892845457929,0.2026449593100229,0.33665625247872305,0.22493924145650324,18.080426726426502,15.635269896376577,20.700383965317485,21.789710556559168,23.203182576226414,23.58875506839576,51.29959478939981,4.731559712042291,3.5628816211299905,4.533224361389366,3.5239214622195405,3.4510052443022645,3.36824569456436,4.648676544397357,1684.009390023908,380.42456098623205,3291.6225857204863,728.7536257893835,0.0926513671875,0.03946376093393719
4,apathy.mp3, ,139.9658203125,-408.4596942383566,228.68797257505818,58.824771404266365,-9.116211102240614,-2.559581564900315,-11.83795736960055,-21.843909856161954,-5.4792075883597136,-7.518208185831706,-5.238937257340661,-9.49364758377182,-4.8148009569188694,-11.03955845038096,26.5072249513175,16.308634085811025,12.599640169752684,9.666884288022409,7.41057512965683,6.991385891893388,6.734709335176319,7.732615937656923,6.711051861928291,5.275891213223889,5.179619791903768,5.380723919977018,5.290628483603752,-0.4563147144645085,-0.049206463640187804,0.18196661360464836,0.15680620186806968,0.08556135501396371,0.009023811123403938,0.020032626241847967,0.05640872065868963,-0.010210772140711878,0.03280005664679647,0.010676887688285563,0.03452195837967282,0.036466125964782097,1.7517988648597738,1.1996707009816414,0.9741549627492821,0.9693961759321604,0.6929209441113846,0.750201598266445,0.955328715723747,0.7470520606910228,0.8545227962628495,0.7686448082793848,0.7043714478860559,0.7034082919288603,0.7888483964523093,0.10257850339087186,-0.16328085761303138,-0.02892677044391023,0.055416487775172434,-0.018695323958430283,0.022328313688005974,0.0701049569317637,0.012123319284360204,0.02538457890846019,0.01109933015246542,0.018687851699342214,-0.009790660925913764,-0.0017618562305420874,1.22563808493319,0.9055849789197569,0.6020629856106338,0.6084918967484343,0.49544566631419845,0.5290074340027417,0.6045087821076872,0.44942273742527905,0.6207782899883254,0.5192328208429063,0.520701089080046,0.48759565198930205,0.5497063319850506,0.2789995805130421,0.1887740611560775,0.2519097412019439,0.3426609194721095,0.25251316703531895,0.23474006942993628,0.20013142196981834,0.5089563433293621,0.31234008579854106,0.2717489924419809,0.32183877987798626,0.2575244925755225,0.2564966930724161,0.1611328771750741,0.2132704782076229,0.28629101868020707,0.19655792818605552,0.1891415101905591,0.14388594633549312,0.24730322083393155,0.21594569775726727,0.25965323558311215,0.3002096161438018,0.20152801997260117,22.93596475800565,15.625521504574479,22.122084275570653,26.211400729604478,24.356122811248692,17.300065531719326,50.106567993730145,4.356060886072833,3.5432641445288175,4.039871228707787,3.080089466760804,2.8776357409669964,2.109319352371852,5.522818424439568,496.4542902201958,58.747971259754344,691.156005859375,68.357074117469,0.04000138647762346,0.007183409684997521
5,Aphex Twin - Fingerbib.mp3, ,129.19921875,-126.52318912063852,135.11631238019027,-11.725433154238596,27.709492489879512,-3.588010116123859,6.5441246257152095,-7.190557889962271,3.6612937105474637,-11.503545389982103,-2.758280464068607,-12.368882144904797,-0.7298883288224904,-8.228664996723333,52.4140622975016,22.454725040790716,17.764941446695328,11.103914543658712,10.158531305078382,8.337984458273331,8.322872628301711,7.351568514537642,7.320461085580604,8.86776696154779,7.568432015659837,7.749467672992608,7.437431530658114,-0.8419353480975037,-0.12506626070229865,-0.07293844393082254,-0.05237740906168143,-0.0016124282078242569,0.02840151604448939,-0.050524049978304425,-0.052609225214792436,-0.04384605393365578,0.0036407415805396006,-0.03622585418346671,-0.016448187007264085,-0.016311318196793212,5.683618460790643,2.5505542213210823,1.930547522199177,1.4254861143546729,1.2302843699867316,1.102996234426841,1.1282879292834156,0.9826713460754388,1.1042125463527053,1.2745672889197313,1.1728308441684923,1.2570746584259898,1.199782510809067,-0.0632873933279404,-0.033268766299488,0.02378933891753902,0.02064255344144099,0.026906946093349912,0.06785483879475913,0.07549893801146543,0.020777711633270902,0.022336351909433245,0.03657766019229858,0.040799180613428264,-0.0038877633360019,-0.02127971882747923,4.369762986661052,2.1367122974622066,1.428342924166067,1.092884665623214,0.9305490430200374,0.8587398931861405,0.9358415346040712,0.7744348832032731,0.8429243767878986,0.9570417176740801,1.0090712445904684,0.871717778400792,0.7723381912285489,0.2229661222512799,0.6102129175891111,0.28956853836073465,0.16945275212034447,0.2176286760300116,0.4857865068141693,0.4715731544765058,0.2517313490776966,0.24975769805009077,0.290325374773669,0.6359174822048962,0.2736615252675328,0.14833199275206588,0.3312609508036029,0.19765436223283442,0.22705225844115554,0.23879381518811205,0.3353016563893176,0.328429594023693,0.21597098083851765,0.2576651650292991,0.17607213406634334,0.3097723997787286,0.1740709541323396,25.009603711763102,18.790841890844675,21.11487192284086,21.552715410313212,21.510857355484465,19.467817736370574,50.26385613194759,6.364849493803348,5.086165739491194,4.897092081271942,4.66213393829223,3.9129093520478055,3.642034813296462,4.48737995442817,1470.6241716098048,444.5700511672049,2924.9932183159726,1077.9937358272175,0.05551637249228395,0.01978519066199823
6,Aphex Twin - Flim.mp3, ,161.4990234375,-287.8668474503506,114.30575371671607,52.113827701704,25.19293196182008,-29.457939076202887,-3.735493337540071,-11.105451768103206,6.360904310720708,2.062836229571222,1.9500993768006192,-5.8760019862725414,-1.0038702264658095,-2.7616011019520186,84.67763384141172,49.195750345936716,19.98783771648577,15.3882492298348,13.60946605989178,11.655291436905701,9.030824445954886,9.47469826415074,7.84083024964517,7.377519716659052,7.351639960365151,8.317018657352014,9.338739152190923,-0.7616715696582824,-0.7469337101059931,-0.30407991958782077,-0.08218819316243753,-0.0055487373309140815,-0.011826875083504912,-0.11524110280672939,-0.043405735494610624,-0.08160380812837557,-0.01566195015290344,0.019578395874877634,0.05379045281248788,0.032805189639789824,9.447290708660548,3.716151501161079,2.0630937843196135,1.7728727776071977,1.5461217236429858,1.4544736638314528,1.1338113726497623,1.4149324038358355,1.0245258830898676,0.9633593884252624,0.9565823775523724,1.0876195314183,1.2970382495306376,-0.44925708474122844,0.017962038780369994,0.04000302887935606,-0.08463291655474968,0.04197441180521208,0.00039617085245863504,-0.01409091382820294,0.012944312851349995,0.04715369012409116,0.03664894064997588,0.029561480856859872,-0.0047046351458526646,0.01290221499185003,6.299227571473558,2.798813388617353,1.552196036323722,1.2878901501618796,1.198070838663505,1.0653769072897068,0.7788176132318935,0.8364056353038182,0.760355393726795,0.6713636673068004,0.6998053522244835,0.7709776618126091,0.8595517223369583,0.16472748883416552,0.2582278978122674,0.6378573708575402,0.37266554681578495,0.24636374249835902,0.39372318693908087,0.20621230715402852,0.2988707952874707,0.17901268605693288,0.30763798252029784,0.38234744084543365,0.1830439386368524,0.18636645806863775,0.1716621812733015,0.3564698851830039,0.2436110920058577,0.195591054227344,0.328812628021677,0.14562869383213087,0.2563232769513212,0.17172312218971322,0.2800163965858404,0.34418364572016386,0.17522357089190396,17.95981675880599,17.93529296990775,22.190801700531765,25.914593256410697,17.627260553175788,15.227221517063484,49.81634514422811,5.016900017138591,4.972600009145746,4.201437311397677,5.3497652073356905,4.343199724411833,2.1654087415653684,4.463792534536828,1625.8496508295655,751.7849122526632,3336.1843532986113,1599.5355606139158,0.06309678819444445,0.03092957056386746
7,Aphex Twin - Infra.mp3, ,129.19921875,-161.58048773032647,121.1484804234387,8.100095380787495,12.07707479816896,-0.1695838792962423,-5.832948532070458,-11.688169625392298,-5.853906073779972,-5.747118736973699,-0.20188262230820145,-1.1580167404364474,0.40179968275773675,-4.866825293151685,105.81015236753505,33.64339392551113,27.058603768422433,16.36689539825451,11.297659716648164,10.81606781745901,10.062583077430386,6.6341729797958235,6.737076334120929,7.667978436047197,6.394755924600369,6.32388081205231,6.066416662844969,-0.7237198349364378,-0.23858251447148368,-0.4291398255140119,0.08590284134778713,-0.0074130703873334465,-0.020004560139007223,0.01964605784325366,0.07210740287512264,0.023146318771910885,0.07612698123737145,0.07745933649776918,0.037973288248327595,0.03369668631722438,6.915746986502512,3.762731993163396,2.5684966049946705,1.5988557493732107,1.5027103982277492,1.2262323857558768,1.308872466822559,0.9112582133976236,0.9474615290587068,1.0983183954638076,0.9708726698213791,0.8579605912483285,0.8564434888534015,-0.15902627259924043,0.11294356057058193,-0.034326927995281926,0.044224733640554785,0.04121120765742006,0.017737775959468297,0.04096212930403172,0.05975062288861308,0.02793476285206666,-0.034165004816949715,0.0025721278385098245,0.007040467880735241,0.02318319040285941,3.2347271596693203,1.9915132668513733,1.3098296246840395,0.8887688870241872,1.0044306547398922,0.8812447867002112,0.9889142559066285,0.7875174543779208,0.7118347517519706,0.7760975962552398,0.7321411531329923,0.706471504134802,0.655796061819807,0.49464494781137475,0.34158161159872114,0.3081781039758942,0.4477604287992703,0.4839084502769473,0.6481566083514029,0.3889943343173299,0.24947147653294424,0.20127707635258021,0.19678147748237718,0.2511102715625721,0.3425943058783211,0.34091718394227416,0.24129467328053864,0.23622791046613353,0.31773817782225694,0.25670088998779256,0.3388005793368649,0.22764080821732532,0.19635837663115321,0.1804120722795117,0.1791154600646089,0.20400525040187942,0.23488735237341854,23.66241673511014,14.921482820223318,17.976458133178067,15.681255041760524,17.707333755593833,17.943762444938955,44.2949029574597,6.634535222588911,3.5627930795288187,4.192665076873806,2.881691877396014,2.970960802437696,2.737615227276651,5.856249132290224,1654.426293501602,564.2023037347581,3515.129258897569,1289.715586822853,0.06117832513503086,0.02383150181023883
8,Aphex Twin - Pulsewidth.mp3, ,96.8994140625,-155.83729821664318,111.35954417122734,19.93290154847466,30.659190049142016,0.2863499631208401,12.080142191162816,-11.884301425038297,6.231351136620859,-2.801093426383572,12.220928675874516,-2.31969037477249,-2.8069006214263266,-6.7804836816625835,57.509654171779594,21.517189784807588,29.275071689797993,15.867877075956613,13.583682958872403,12.978316698641626,8.243826677146075,9.607482386871343,6.754397736787257,7.605108912095669,6.040424493776275,6.51325756330736,5.037627272664501,-0.6472634736471522,-0.09016086269862789,-0.18615703605529335,-0.08516415376643749,-0.027184126238959525,-0.17345374689565363,-0.09737742029095965,-0.13698156224994887,-0.047662343160841426,-0.02531064721614835,-0.017099469595079967,0.0006245536439373721,0.012704794306629972,3.9187326607689763,2.1228277497659143,3.106721762177276,1.6079131176532924,1.297666737547461,0.9941989344752011,0.8631699090910908,0.9528375731373396,0.7344698711397859,0.739802716635686,0.6900296373028597,0.6972851939764181,0.6263007642094832,0.3198014511324373,0.07576766837299169,-0.09147518272023003,-0.013874795319107189,0.014275945904147295,0.0013516315871297767,0.030014288571467738,-0.004377000230755425,0.009855457743986246,-0.01571039683803525,0.02170799581339744,0.018424176530229656,0.029787126873953292,5.010509063762963,2.0119341592988342,2.4659493697326833,1.3480791939045584,0.8519219394434542,0.7983930531273212,0.7997694019200847,0.7680808012775039,0.5756061997253572,0.628614624812005,0.585949156567502,0.579198723663735,0.5524319811858075,0.48990819635398597,0.6549269266047135,0.46286414878120946,0.4758845960353444,0.3265906537963468,0.3447558977698654,0.49429434591639826,0.40636975583217944,0.5205555355785714,0.3181095291159035,0.341125330640532,0.3928559589987322,0.2574413216356894,0.3287956360139988,0.22990716371601838,0.2680500563729276,0.18759444384802104,0.21678438258990787,0.3264171357465761,0.2266838700247911,0.33257386579167697,0.18340478708972874,0.2113438965581228,0.20082378334639897,19.010014288804417,15.019211749005345,17.379090421553474,18.131716992853914,17.508334148437413,16.631172102098077,50.78213449600178,4.393520292788215,4.134306264212227,3.7817239538170324,4.13062209692225,2.572863600064011,2.0851390216123935,4.281250188485411,1603.7734992016965,452.895217611855,3732.554796006944,1531.6971468296379,0.048724139178240734,0.024643288897981383
9,Aphex Twin-Digeridoo.mp3, ,139.9658203125,-120.77948708781673,125.522638624603,-2.594139838660205,5.543918059333975,1.2162991205207359,-0.4524412038793531,0.5393198527004799,13.718171040125098,5.126757798785413,1.8999873712015007,-8.738643813004465,-0.3487861621435044,-6.82962740589807,72.69478328903273,25.35678130674314,20.34938172973399,17.85860783698985,16.385846452045627,14.84319204168306,13.565670308450976,10.592519223295264,8.932323584154128,8.247005788892462,6.764803353423017,6.728396041262055,5.224294494919313,-1.5230694848578423,-0.5674549181554697,0.08171152611217104,0.18731627744309212,0.03546956860903007,-0.24797236606375214,-0.18096820877744232,0.04273758955403334,-0.03572514937201768,-0.07133068808607389,-0.01933723950131945,0.007060564194955393,-0.014233534915637178,5.304292892846218,3.078160458776191,3.083933844409774,2.591990761204586,2.569907807070775,2.2226458745776556,1.9150302276104487,1.6093030829329915,1.2751674399612296,1.3005643331832701,1.055915155056588,1.188148958093165,0.8277496511173998,0.013895742549204539,-0.16263119738554743,-0.048083731916123716,-0.0008887916855100098,0.010096691488101503,-0.05013147183624959,-0.05272237357200571,0.03849964599156706,0.014244628919792982,-0.0022127545937424354,0.0422799842328661,0.01820878739027525,0.003880022488172268,3.322693152933162,1.9729454805896773,2.164143758302147,1.683656992264443,1.8480042411590663,1.4307854075637596,1.411909397895376,1.1910359129270431,0.8893919726819464,0.9981273137182839,0.8005783253405734,0.9423257578698446,0.6622146807424693,0.37153731131880186,0.36565404750383745,0.3235029137152949,0.44892371391854535,0.43682805610314746,0.3571616909524173,0.3647609984431772,0.4028543359017931,0.40109772084821244,0.5590012764765157,0.5087997811375025,0.42411755213232266,0.17161611825409737,0.2514230818163099,0.19450009936208457,0.3002401943466176,0.2623396500358465,0.19056819921601886,0.19131232954995284,0.2501226025656896,0.21575392562156037,0.283594558328478,0.27854125994684703,0.24268659815865049,26.07426471540524,17.195971523925056,18.166184567851044,19.747483214187003,17.456322370199825,16.39388859082315,46.56293012592071,4.939651240604538,3.743431615160393,3.590040090817977,3.7206988656047137,2.8677121063120494,2.1007742757636367,4.142169815031436,1695.1047810145037,388.4980794552225,3248.5561794704863,1287.1554070228206,0.06791781201774692,0.018105559986847347
10,Aphex Twin-Heliosphan.mp3, ,129.19921875,-228.95926732192802,100.57516846511466,49.31665917375573,28.446862379985827,10.695526482790342,23.95274848426566,-19.392474289730558,11.972454615581183,-8.103994646144134,-2.968893513681344,-4.560447438953467,-3.919905300033681,-7.340216188013186,71.48911305563495,28.87341386675074,11.129592311008219,13.610272733278881,8.795790508268254,10.495977386095776,7.522748429390529,6.0527531661696585,5.568089199954369,5.716983279152507,6.311823837141406,5.8859428644426,6.019411519164077,-1.3019006426710586,-0.35223143069464485,-0.02222988288607061,-0.0797165174347659,-0.08831380007976815,-0.030474000035520688,-0.009561178159474585,-0.001648816058374826,0.039312192897116884,0.039634129182682776,0.008020626638842074,0.07360078763133375,0.00303881459066035,2.6860153187384683,1.7858808035877587,1.338194301928671,1.1805988618598697,1.2078379913173258,1.5128516158984535,1.0020644369162384,0.757822556322956,0.7727932342964156,0.7340596528032027,0.9330532912594753,0.8628885606838536,0.8122157126021512,0.12829002936982928,-0.011704549557539452,0.008678506484922069,-0.0282290791769305,0.006428803388391517,-0.04049626621705146,0.013000477301201173,-0.005099040507856342,-0.019927866863091132,0.008053866380510886,0.008824925763348554,0.015729502774045185,0.014459629019077026,1.5232484990357287,1.0489229463412142,0.822467498131323,0.6539642292741973,0.6542352484005046,0.7456893534184141,0.7074246754662386,0.5435745288807805,0.5246345066259649,0.5437089688624084,0.6447857458611338,0.5329736334606774,0.6121448624167621,0.5389267710802134,0.2616339549594731,0.21318495803351664,0.3629071466685101,0.2528474646445111,0.4535791957118536,0.19631457545673822,0.1293846143741609,0.1432715348488318,0.19773142953707987,0.39880819266868966,0.32668365087406137,0.3805982367803061,0.18978409321486978,0.17701100489972735,0.326902881018827,0.1825622425402326,0.33061097892236685,0.14877708546705937,0.12926213975914133,0.13570014951950485,0.1479039023180788,0.3217330547132303,0.14939290584041343,20.189844964524884,18.08183853208027,22.774282147564794,21.703914405609865,20.015281847055544,20.033486477705974,48.695844025062236,4.435260201478087,3.6575135834845973,4.60991646288297,3.9084969084061343,3.1738201405240205,2.139561802410818,5.310070712646575,1905.7588112557733,720.0749652241735,4991.615804036458,1797.7058973170654,0.05775583526234568,0.027986385111296686
11,Aphex Twin-Polynomial-C.mp3, ,110.05859375,-136.56451069867168,98.02882929532616,10.858579139374655,40.2751019368937,-3.9065647309209095,5.979324128616739,-4.340989171032921,6.060004416784203,-7.726120273870083,-4.084554520194177,-9.339702276076062,-5.441766796610605,-1.6413681054556812,61.21122773182458,32.36665669475895,15.09569315778412,17.956726700004335,8.566022354234754,7.906279993599253,7.333169421924466,7.341983873850226,6.3334219166997245,5.8490420306583415,5.484020263981929,5.064819942881179,6.470137247556745,-1.906775042012242,0.1000537564518091,-0.17268608129341845,-0.3524596280947236,-0.025127824850058485,-0.12891535229083936,-0.046948510909131096,-0.08353576535951163,-0.037816126565887294,-0.022584592115800873,-0.017935040516111948,-0.02140721216881188,-0.09561761337430158,7.606454953420143,3.0900768057120107,2.4565123983540222,2.3151122903452896,1.2728984756051929,1.0724464562170004,1.0708867723469935,0.9862563100070428,0.9770222357136538,0.8626460775108105,0.771580420208488,0.7307657831333585,0.7774146044974057,0.17718367949473088,0.036304934709160415,-0.006746283105724021,-0.007486384285450051,-0.031969599862529806,-0.0031220023099902184,0.0031537454716148382,0.013473360296223818,0.005154294357419497,0.010901308225404563,0.0031360731974681036,0.019872141430689088,0.0004433463140747247,4.791779569756916,2.1438332882498887,1.768008353696062,1.2934492735425336,0.8786688142786089,0.760707129048253,0.7650310657745031,0.72318560179948,0.7089426118926992,0.5748925389781543,0.5204461035604114,0.5878937810191198,0.5528094578467675,0.562883398949778,0.329658247674183,0.3796242136094305,0.5878872117774998,0.3674191340177469,0.317950798365299,0.374099355119131,0.49929665837344933,0.4531604721337373,0.2760039793476922,0.2371214495304926,0.30293117518490753,0.32075563891950404,0.18059502309051356,0.22075827244508317,0.3299805215630654,0.1959052012423498,0.22311339579077769,0.26374079192751315,0.30622154647248134,0.3047471458457666,0.1904940581324769,0.19477534028590263,0.19291980573101752,26.644275301303708,15.404425490925945,19.622449140650502,19.56434184130305,18.522423269341733,17.382348506867746,49.26974187864016,4.940780452452553,4.055943964204563,4.726395064438717,3.8269039142653276,2.625276761613855,1.6658346330305742,5.819918252011065,1960.7150202938828,702.4724839181808,4092.6045735677085,1390.1872173991815,0.08324743200231481,0.049873352313285234
12,Aphex Twin-Ptolemy.mp3, ,107.666015625,-160.4817062380873,82.73692976667282,9.903800342818377,24.380516424234727,0.8112138086171061,13.557388817960465,-8.32452928951516,5.315149002685499,5.330698201800754,14.622778698457061,7.932260199863879,10.982066346579634,4.672271504216356,90.53317636075299,35.0093784994481,25.57541032445822,26.834522374571407,14.037828117253932,14.749796150602643,12.683014201454098,12.64566460748251,8.797518437209954,9.636382360410408,8.385148003322097,6.909811116531325,6.016701147259251,-1.230324748478094,-0.2697068517395284,-0.0679232411224533,-0.264624054785128,0.021257056154736123,-0.12925614301908625,0.058414561107731716,0.037742494527422274,0.07308940443154252,0.02126662292874154,0.03195931062312154,-0.013748825016075078,-0.021153491984960842,7.062583225114602,3.270685974016018,3.230323442881819,3.1156169193554,1.8223190321879692,1.8103397477319632,1.6787716465319285,1.8151727629564578,0.9970890829133409,1.4085268862759257,1.032573143667225,0.9452093447688047,0.7912587312524287,0.14732539772205513,-0.08448831417474229,-0.09777079915403629,-0.028903266527103604,-0.024106137563738927,0.039425175989217014,0.0705330246343726,0.06132232685814853,-0.003300800622026956,-0.024040971498901925,0.01245728237942482,-0.019963066488860842,0.011140486729503062,6.16588769254497,2.687990998187939,2.37207130384513,2.34171554776753,1.4048196052275017,1.2640776345237894,1.2236894925218433,1.1918590777056048,0.8384255544337603,0.9691448140426853,0.7657925151291366,0.7344735439943602,0.6168962054565242,0.48922458849847317,0.418398379612668,0.4792914240402572,0.5667063727009075,0.47280994400290055,0.5873219746590396,0.6291674623426832,0.5580091397105544,0.612232445290795,0.5236281026154757,0.47462733680911273,0.4802651444599492,0.28250868716182903,0.24668317103790863,0.25936027255630156,0.26459291194659973,0.2086065133631461,0.24708910019814415,0.24975967226001447,0.23323816461046168,0.2979450220041715,0.27348651677105923,0.23663783252035217,0.24868196704524756,20.047336677921862,12.542193365541193,14.93765498689916,14.313587338292736,15.252035193026629,14.677048631588823,47.68315408288314,5.344069474390871,3.5846513851901878,3.63872233646464,3.2049314751693605,3.1525862011361254,2.016483650963953,4.67720514647358,2180.6344421334447,798.8848220073073,4875.276692708333,1727.22629222627,0.08121594087577161,0.07317288634439754
13,babangida-Иллюзия свободы.mp3, ,138.427734375,-69.33529991270215,118.62127837685891,2.223841445773472,37.11793007784419,6.997405434648196,4.725527059838728,6.847500107814501,7.94109241342471,-5.575399370611081,10.673084127498262,1.426536729766263,14.108700466192799,1.7240554341747438,46.517243371649045,37.26439172411569,24.29581955534171,14.421244437269138,19.237774916701486,14.394829415304253,12.593338585650464,10.448058033113988,9.50108606044021,9.923228585325504,9.439870207864262,8.38980138778748,7.791608375950183,-0.13613499496793258,0.07817190710489673,0.1023512342542318,0.07861250133417477,-0.15447115613561538,0.02516321496201541,-0.04727033758535981,-0.021023531129618214,-0.026519019076209738,0.08566144561929696,-0.02303923544384838,-0.011810759897343814,0.015059101940107525,6.223252294444257,5.643276293260001,3.319206579561037,2.2065075024946785,3.2467357143307236,1.6372752611804315,1.699804579512268,1.5021168541994516,1.4140827315945588,1.4812730118959978,1.2229981704183563,1.0924356598050415,1.1417060243802624,-0.18033954017094256,-0.07976657890910167,0.0991679714291276,-0.006046828247583757,0.13724587260124585,-0.08083646542200083,0.028722385418842793,0.004124418399756612,0.0337048128971623,-0.0315269318504121,-0.04685244588777825,0.006006015058647108,0.03307863399364847,5.841762420863638,4.805370960364173,2.7105895208363484,1.6321444233780038,2.4227212944524834,1.4893917848356601,1.4486154379253655,1.216752007765711,1.1714645255223657,1.0855128567884977,1.1234642023747332,0.9602973416926449,0.9429785366070663,0.3414631942861978,0.34728600668870374,0.34722875627217653,0.4058994969789997,0.5207188738693979,0.4488360681226132,0.386340815016287,0.38395483296272565,0.4958416430831507,0.5350057534459564,0.4773169777494062,0.3940909251306252,0.26456926992326,0.2767375638853076,0.2777142176106927,0.295441647179735,0.34077774525575827,0.3040881499269625,0.2817634222193708,0.2619052629834688,0.3151330715432481,0.33948878582192393,0.279805822558215,0.26730106826371414,20.035152350126747,14.99245529902511,17.75563210718251,18.425870402886076,17.582317131366345,19.108400188893864,48.717261720581156,5.107401152768241,4.2681378972620605,4.349658462236035,3.627724053747404,3.2200267391409105,4.296760502732706,4.19301736819986,1787.164131762699,863.8147227652988,3798.450385199653,1829.949450784052,0.06190321180555555,0.041533764327207436
14,babangida-Смертельное оружие.mp3, ,132.7880859375,-97.05856443030967,96.61767792959273,-5.528552661293451,32.752518661734136,16.285229585053006,0.38452397113275,-0.4975691305266487,5.338118872432797,-1.266814768843261,0.8100366407522449,-2.3831093405131942,5.621714005269754,-5.247376453683333,56.28647731249072,40.15367616137237,23.462063970623053,16.8498754527334,16.55753311229741,16.02055079402406,11.34808123535558,11.968609186447125,12.040124777046252,10.375990597085076,9.902837368080812,8.633492215490286,8.350566074024526,-0.4584283615853408,-0.2899968015478441,-0.1589955625952118,0.152690837090766,0.073871881108915,0.028173517830667006,0.002786485516009163,0.024396452497989857,0.0850277786993962,-0.00047889194181074957,0.05748771269299826,0.0665768103596444,-0.005157072493737498,8.654064635061186,5.271633554590706,3.1181801744370943,2.8440524204860558,2.6098024358076426,2.103686260114754,1.5891978093086336,1.9659047436135009,1.8629152765506285,1.6049241343157572,1.3563294473819762,1.371470022815627,1.1803611172693838,-0.33353714513258986,0.1746637761581367,-0.05527429157339128,-0.05020503379026555,0.07919880404729213,0.06977775005873775,-0.019733483561050192,-0.024233413038108453,0.03520865988361443,0.01393457194560288,0.08543747541118114,-0.012396051769754219,-0.032626249456640194,6.098938065023877,5.3116585349379974,2.6444709761179324,1.9872272820676429,1.9674572778067276,1.8784338884968796,1.3544531998664784,1.413768443477401,1.3696596951752804,1.2023432624801216,1.2157693127920393,1.1071725886540058,0.8866832521076368,0.3956409652579438,0.3852872323750714,0.43265770569179257,0.4983076906050153,0.5052891457237786,0.5021685901713085,0.4021665019149903,0.40782678111766774,0.3733130622882235,0.36670886517939283,0.31781382561031796,0.33421147794658196,0.30851699562083623,0.29464494043307315,0.29625199265342467,0.2868802649539121,0.30198367928802855,0.3199917236116639,0.2722119458139145,0.28323507743362714,0.2929460869018384,0.2867213701828995,0.2661339433805051,0.2803864642434762,17.64652860994642,14.963204921079646,17.832089516048118,17.145608968631265,18.42332184261463,18.761451194311785,47.34150524181204,4.770000588884216,4.235547832973784,4.620642447030952,4.002102328264705,3.4525941253765517,3.445277733641958,4.12104260538564,2230.444644773317,1071.541381716307,4391.377766927083,1963.8873399996255,0.10812114197530864,0.08095032742160903
15,Berlioz - Ode To Rahsaan.mp3, ,139.9658203125,-204.0245392440278,118.81834867412663,-3.8561340768672068,11.937844319843952,-1.9636136143249863,-3.0669104741587314,-9.492526300274479,-2.319556266322364,-10.362042363043185,-2.5728386440026907,-10.202238250293851,-7.932172253038044,-9.21468612625275,95.77021419428497,38.66655126246739,22.05933607379012,10.940709107984143,9.30368369450978,9.130869016878103,7.769295753529085,8.537587906744164,8.396965261527487,7.228368658895593,6.6025366517907775,7.9368245010500935,6.128311796199445,-1.3405425131412934,-0.49675285494828847,0.03386301166064646,0.0464346868440187,0.055728731507343456,0.020681791436171482,0.07563157069462585,0.05781951060599106,0.13451373547151754,0.07627456228178352,0.03395008874401726,0.025302252160201284,0.03784630926592972,5.40160062837914,3.5381709965970933,2.521608259785891,1.4123839611595452,1.176785545528688,1.1490018965867177,0.9506712757408611,0.9128541396856092,1.1594676948789684,0.8821153277692374,0.8406896938536418,0.9622601109878041,0.8971861588084152,0.02777527874036702,0.019547352850448663,-0.026768733148698775,-0.04692292412891006,-0.045989778926193624,-0.03287258703422583,-0.01736993301820792,-0.007831278601444844,-0.026074568346864252,0.0008232651190705782,0.015684859735178358,0.041131214845212705,-0.014225034733061437,3.5831577866575945,2.1454594084007073,1.381922781745226,0.997529769381801,0.8220166494707177,0.7821700153133094,0.6406793228262125,0.6444474591270839,0.6904013135212281,0.6774593289444922,0.6534800811699064,0.6264018692981224,0.5537929776374447,0.29271931783008726,0.3587574426797621,0.2322096290299669,0.3099672537890585,0.19920813749734034,0.2671214551147488,0.6133837013470905,0.3061877678228933,0.5090688971750852,0.21406384653348565,0.28037248861424074,0.5101836600835309,0.1745449530810074,0.288635809449498,0.19817506460363685,0.27754530194712884,0.1917637939721506,0.17846761458254043,0.33692456076603366,0.15734306962571185,0.33385019126536525,0.16662217079363437,0.20730197333119627,0.32032044942882815,28.491801890652937,15.499261649067558,21.057255084834654,20.20883043568603,19.855466256201336,18.344478995887,49.53842449371493,6.284239657779835,3.54371598499482,4.109139452459097,3.5046732458180436,4.056327692099397,3.6967635838255766,4.449499894527292,1758.1546912248941,772.0803103449178,3653.500027126736,1795.2239487711588,0.07603172019675926,0.04663185232232455
16,berlioz feat. Ted Jasper-la danse.mp3, ,122.021484375,-282.5328129191458,130.1205272357221,72.13479418509904,33.41908001577781,21.495625355591375,19.21745364188596,8.701679005207103,3.7265016618242233,-1.3649265776721782,3.51309303569113,-2.9381574003232855,-1.1540738882289994,-2.4315093528985243,52.94889954913918,40.425160367636984,26.15549622767382,16.34970969497367,10.640023230431405,8.449782641901741,8.421812552592389,6.6295952247035785,6.443267101859052,4.981467244819055,5.580262972802458,5.728850442152275,5.405566773302399,-0.2911737166779161,-0.6350130418575668,-0.4478675769828835,0.019287382637690986,-0.009063256201679235,-0.034437258082601334,-0.11206008999013445,-0.05744547212142843,-0.05549986955650829,-0.03214364802773128,-0.0039904501754790545,0.003494775075074515,0.018949618605454164,4.272322776131861,2.5874753230361223,2.329217304470984,1.7889240092836591,1.2359365442798018,1.0707761224204144,1.228358459538442,0.8331816717497547,0.8904528968372395,0.6892045438005261,0.7514066974634629,0.8199882651455604,0.7997070760874104,0.5718435789659672,-0.1974941777916234,-0.2207120234260974,0.06473251943114317,-0.016662850843046872,-0.0001984468756824224,-0.08351106651308428,0.005568265469376873,-0.007787078670024826,-0.017915958504517344,-0.024673807917286378,-0.005280180908610215,0.0019367668320666304,4.110755329183333,2.4947712355466343,1.5946081955203415,1.2970068599993165,0.8471837236831176,0.6701056336921974,0.8175703557099879,0.6147371832666058,0.6039109556827139,0.5058126745421657,0.5391155404752593,0.5343219690649018,0.5447388088139351,0.34939857590713624,0.40573650204726025,0.44962119852066224,0.5704583665585996,0.40806104703288937,0.3365192031717779,0.4641315860064401,0.3911736732331553,0.41297734986967694,0.40097556154554087,0.5618424964493808,0.5844296485093641,0.20310951095306776,0.33874007356236535,0.28805089404107415,0.3039893794478921,0.2509392379184511,0.25749481473818225,0.28711691003451634,0.2445514402106279,0.3286679719997194,0.28225761373000724,0.2822412766328512,0.32387024834095707,26.800991358594185,17.269250739601773,21.739116134968825,20.37138421651655,18.103098242707656,16.19799170736597,42.74846217923143,5.887688738635635,4.00644215885625,4.342814693499392,3.7905168797599202,3.50835732664175,1.9308414505296143,4.953071130995305,857.5878758700632,428.5032381352064,1711.6902669270833,1454.5165754797129,0.024439682195216045,0.0147164451885975
17,"berlioz, Ted Jasper-deep in it.mp3", ,123.81591796875,-378.9317177431083,140.7992897077843,37.86842136793298,43.91627915700277,10.535795891910423,4.103985902427891,2.0384268008264494,-3.1262196432569147,-8.866369602787826,-1.0825460991925662,-7.361517143194322,-5.221185659644781,-4.504705818484963,80.40354673481141,42.05611749294264,29.38636104550585,14.662266562169734,12.747993220162215,8.295147206878694,6.2974186642458525,6.59582546865326,8.193230879721456,6.291158694708524,6.938128181128996,6.584347114461779,5.9301484426185995,-0.34439814409218156,-0.7648077070322117,-0.638082918090125,-0.17182613415449546,-0.12255997108302746,-0.03528594198409629,0.0040225421802865145,-0.04257371302127815,-0.08797684995986428,-0.04755205819297031,-0.07042783807911392,-0.13103452747986638,-0.05463910758794274,7.679534385204327,3.896537368169314,2.729935533052389,1.7097769704269734,1.6975815668639653,1.2338052226862697,0.9046628905689239,0.8708595552097108,1.0172625233038828,0.9619872920576332,0.9810907551758158,0.9559623015435075,0.8973528002983541,0.1919919448260814,-0.11253277105451732,0.016148555409421936,-0.05731255686223898,-0.038736139775547025,0.05026245251208842,-0.0011456606911069908,0.017198827468364698,0.0026376155066019334,-0.010370662877117685,-0.013644027680354076,0.018838326717629153,0.00755633310455093,4.1010786575791185,2.138214538636895,1.4276133604249157,1.02197101724643,0.9859074221006452,0.7517133939679509,0.5830028808359842,0.5816077769136087,0.5900509856657786,0.6073291384187934,0.6163640764214876,0.5821577168107418,0.5903332889987943,0.28475620870314605,0.31369586064649835,0.17621096268721662,0.309300209754894,0.2312785826542955,0.3785127420898205,0.26540595274648543,0.16688597560026627,0.30194375847385807,0.24631951428392193,0.3559306945513796,0.2119925585647263,0.3013775586608827,0.366179206226958,0.1356064764784195,0.3437109295695513,0.17506465862402898,0.35699521084040553,0.26386123906956765,0.16588450503941018,0.3153698822825867,0.20276468871196976,0.3413809046721255,0.19632417433660124,27.995309116377637,18.50323694261007,23.874791832632678,21.98090009012773,18.178471631936546,18.604592219700784,44.332120481956885,6.660934279611253,4.745873729126411,5.942376579900487,5.717654884182083,4.278050703063234,4.13514075836406,8.120322701198186,830.8267264085633,405.699050915511,1345.0276692708333,1096.3183234170608,0.03793674045138889,0.031269675439838364
18,berlioz-jazz is for ordinary people.mp3, ,105.87158203125,-293.10212844095116,128.37687275968895,27.696237905185246,19.760417756116457,20.249358212083067,9.833655942263036,7.270487202451073,7.551319847901691,-4.794418919154581,1.873343421157412,0.4992798649753378,-1.5442642203379815,-2.2266551243374124,70.87577515012434,40.475216793952875,20.564912158068655,15.203023832059136,11.210721825453275,12.836414348649297,8.940954447967611,8.282685036150891,7.593880413172457,7.915673959957171,6.565848923193793,6.775609429898548,6.685098721657632,-1.424484762980649,-0.43462055560372886,-0.11847181559651176,-0.02872627018825123,-0.08906579313406837,-0.04198105354499817,-0.03111858210885893,0.0017739148639341201,0.050145232857989934,-0.011531662681927964,0.03009034691817367,0.0032349178714574933,-0.01705472970840034,6.682389582448596,4.419328115143754,2.4500347321464075,1.8553874073197267,1.5178582407076255,1.766909970856258,1.1478349658075295,1.0148372731837074,1.1019621081534876,1.0876366608418782,0.8507595910235671,0.8021474560608285,0.8434681969213709,-0.05671132075233657,0.1982622885344303,0.02899391697929438,0.020660377779486334,-0.029807755317635364,0.06115330817740386,0.018512817427630647,0.022495035659677278,0.049717549194776535,0.04937374437170064,0.007629696347841539,0.004641415444433575,-0.013713170129146116,4.760056013172895,3.038807155730615,1.8983339489209599,1.2493268307532732,1.1689056512387503,1.2625638241598625,0.8372559307082094,0.7453363103404637,0.819188291325594,0.7875529455195659,0.6446618067584314,0.6101790999554271,0.6301594952446248,0.41775613237620784,0.2655801731043202,0.2523288890941465,0.33637870520203844,0.3210632423539704,0.37611575866761954,0.33967865972038086,0.5148748326213042,0.4300814028973059,0.433961027931353,0.563535237227808,0.4185300464396951,0.293847223555523,0.2214861525713759,0.22686770859261562,0.31394422426848306,0.2510824419778319,0.30126738135065584,0.23736435583509627,0.3392963405541088,0.30198642040299534,0.27115717219882685,0.3383665539866893,0.2509248802509672,27.048732336872018,18.20864786885559,19.659149828445045,18.750262497897406,17.573543323940584,17.397822159774776,45.453367598124,6.2406066157306155,4.369187761706869,4.634343106018068,3.595495686705075,3.129946997302739,2.704599195246131,5.804490452606753,1324.0290459880252,870.7237819696544,2720.0954861111113,2203.9968555159912,0.041981638213734566,0.04663089484074436
19,berlioz-miro.mp3, ,150.732421875,-300.0587046764515,108.81507989757317,30.51907791204199,26.876383983478366,18.400658783100454,15.477260998737664,3.1465174989475884,7.90213249802279,2.168048748907484,-0.17818039584399012,-0.6737778225200778,-4.140309453263511,-3.813386587748005,92.95898579995777,36.19033631933772,20.25113316368612,15.480613104547151,12.425486812122804,12.100296399250043,10.40233648328016,9.74106770413689,7.916978014969917,7.564726022813846,7.745102427467231,6.796207507739452,6.2888386971062955,-0.8942040337420675,-0.31614944534261286,-0.14541551061614164,-0.1612225866576162,-0.11989112669988695,-0.1501298444762389,-0.10429393542344095,0.0006807342532412775,-0.09207502605386253,-0.06136137527847709,0.014214435872552845,-0.06473511242146754,-0.05505533233594582,8.0526006140585,4.245568820687871,2.4622625459761363,1.9768717425700915,1.3293219685073507,1.058305127948222,1.2241474504040577,1.0878341771297138,1.1800643828388235,1.0940508082185052,1.1518890104620134,0.8962310665838347,0.8993116893684944,0.2211167939994659,0.03789552474264372,-0.10566246089271132,-0.0670059962434562,-0.03013130776543906,-0.08642386314516635,-0.03707135477488469,-0.0036430684772368964,0.053929861029897476,0.047418957921089945,0.02923881831682391,0.03540282337017283,0.02259093646411382,5.161879185994073,3.1832926868666296,1.9438716384384527,1.4011448934608541,1.0217974712115396,0.8922551077179305,0.8906952083628538,0.8535948435185999,0.8072259278571888,0.7097971402970132,0.7876938796413538,0.6280175698726992,0.6588812389496809,0.3127028200858744,0.39824310256086326,0.339341719584528,0.43181841645568014,0.6058837773578736,0.4958152681205387,0.47760273955897486,0.4689804957101673,0.45425317852964836,0.3285119415197613,0.2505835306106342,0.3274730631009457,0.25561900425956785,0.31504711939319313,0.2737449373162066,0.2869857555943189,0.3046557963675416,0.2865916873137532,0.348370868502589,0.33350946390774244,0.24888581793904832,0.22725017160591113,0.20892159294725995,0.30610040705634844,29.050163158490808,16.506964590537862,17.10999904544497,15.99406891566494,17.207951469730325,16.775956357021307,44.87696400928956,6.158083290811246,3.7202037487330366,3.7256479599929317,3.009895341012647,3.1487088417690487,2.9245621056927327,6.264355022722602,1371.1133414358408,880.5611364194957,2852.55126953125,2019.0059647317066,0.0490406177662037,0.05073695581304787
20,berlioz-nyc in 1940.mp3, ,125.6103515625,-226.76489715811647,104.53755803130291,40.066847061853345,24.89708242310142,13.11000412950913,14.652957161267599,4.7441252506809475,6.8665254651396355,1.6381866943873007,2.2315045973906913,-2.616053856667821,1.6547732699984385,-2.555239921481705,84.15710473291722,39.15550471532777,25.446038312135318,20.667619062112443,15.484519705192113,11.124690007892184,9.000090725196722,8.183834176862591,8.668663335929127,8.649359945439352,8.859172074626239,6.81111548709669,7.0191341965204375,-1.3665881269714897,-0.36757079469913867,0.07074602144298914,0.0720945105077354,0.13786346701629185,-0.0005417372165448983,-0.0025973543826559634,-0.06674900340824674,0.01205319403038349,0.06599073625963042,0.08251795866799737,0.013618453720550016,0.05354510510540108,10.806009127627624,4.465913848999332,3.7182193636359133,3.224845814642802,2.5264005498023283,1.8950988690678454,1.385244912286028,1.313061299393828,1.2734971079877608,1.5030928093395104,1.4321606538444192,1.0041880866748059,0.9345458618251402,-0.024090803418032564,-0.03130807252931351,0.030910632231008307,0.06676270142427565,0.0036035259265055908,0.0670436041592764,0.03972669851637077,0.009355760953406357,0.03203125880962169,0.003401473097368086,0.025959727926004428,0.04734167334642319,0.02541513942802946,8.190506718943428,3.1311007063088074,2.4891024614145554,2.0432213400080594,1.6774827378820458,1.2216891567797148,0.9582872358245097,0.9362640393772749,1.0283542314793765,1.011403904585812,1.0594718357869544,0.8540320077223722,0.8065462189972851,0.2636216397779522,0.31693935820999564,0.5270039392477132,0.40921987696151235,0.3631964721192353,0.29343378088513555,0.2399501538979907,0.33267258834108177,0.40911816603311535,0.4999052825955858,0.3552539509463837,0.272558033309412,0.2427418643225032,0.24380830188572455,0.3969556968536559,0.2990461528929464,0.2943298238024236,0.2433730038658947,0.20703321642105865,0.3119834160003226,0.33837081988632156,0.40645179682542504,0.31664674599645326,0.2512313041713998,28.64601274370096,15.923627178210664,19.005082810955283,18.55891721781604,16.726663258319903,15.33712854237634,43.887127603119744,6.346876113517112,4.268205914236833,5.2550009189430655,4.656598589870339,3.275431043617344,1.9423122945034692,4.920662306778313,1375.8001479766947,757.1801681554507,3098.388671875,2009.52402492306,0.034595630787037035,0.030229712340339537
21,berlioz-r r.mp3, ,129.19921875,-339.6250846533128,130.6766439838174,25.3114228932026,43.79469832520426,8.754798948304888,7.21859998812462,-1.2520985374296152,-3.692573800545048,-8.22230517891822,-4.573982599524804,-10.857102777762913,-10.349757676691185,-10.81725269684821,64.24900825029738,29.109154103873895,14.807379208365738,14.105312033598418,8.746385412278409,6.502288396534528,7.1910825753598955,6.9089736017829635,7.53389938974887,6.565487783704969,6.975059627153968,7.676817033547728,6.93185465443725,-0.76009180608894,-0.5043864516059172,-0.1824960211280411,-0.07351039936906158,0.008357148099385982,0.019613510328646812,0.08382264746031091,0.12949712885138406,0.05422069696583037,0.08438453155161559,0.07119366946130025,0.042620954261503446,0.0644380646347706,2.852449295524526,2.1780405188846332,1.8181048531533912,1.4451283379756543,1.1669796897783284,1.1428369789941415,1.1020093925973866,0.9286389490672905,1.2183680046734595,0.9734186699254789,1.005380777217799,0.9730048844329507,0.9175940366342851,0.07675375015888804,-0.05090265218053519,0.038044121238563995,-0.020763319376985438,0.02701391816133113,0.014200762615439963,0.0068289602782493205,-0.01722703242198748,0.01979575165867932,-0.010411748417454089,0.044872489848021814,0.014679216681318474,-0.006511102925646866,1.9567704671683372,1.2455391877211672,1.2424269884273416,0.8447152718880875,0.721155240409549,0.7127126843205313,0.6261346877183863,0.5788582263710979,0.6137552049173406,0.69068093458384,0.6631584558131286,0.5797301476499369,0.5209447718997415,0.3695098199582671,0.6101746566501665,0.28208476811486444,0.1944844696381888,0.23424303884054595,0.5771195334497333,0.23804609684480563,0.13872369317004432,0.3330754075187868,0.2583267275821763,0.23893105858767313,0.18114542671663247,0.2754927433918892,0.33461274947534264,0.18659720834641655,0.21699605024836555,0.1613768194891143,0.32982932034917445,0.12675168167742432,0.12080993679409817,0.26299029515876976,0.18170395853100643,0.25154618305758975,0.18381308809943323,31.057378522931106,18.50092698200452,21.32284012034364,19.972863158820676,19.911673191174028,18.48699229520061,47.076190324027245,6.992879042169089,3.81780704900529,4.30642663413639,3.949734432224543,3.2696402458723193,3.305052321053615,6.562174535617404,964.2901945493363,371.3205026437617,1816.631401909722,1129.0532722924543,0.03548327787422839,0.02351797340717796
22,"Bluewerks, Otis Ubaka - Atmospheric.mp3", ,161.4990234375,-124.75866122525416,111.19450971226634,-31.99013956277459,48.33166477525676,-4.830256474790749,11.78621341481253,-9.410042957621224,-4.1269556159774465,-3.972593015726702,-4.027498072956079,-6.405941068482252,4.845077373455336,-4.44051280286577,59.69094391707409,28.109002841914684,23.21888155390567,14.493459124766753,12.463577798852603,10.530790590096997,11.946647337260524,10.245404092667847,14.142270710720988,10.940110721852685,10.215930372500926,10.470053911851027,9.45755032533124,0.10962233064627204,-0.3056219360549693,-0.0742741901266538,0.14902711445020145,-0.07783006959922474,0.05266918567365702,-0.04258677399739547,0.05901257031996746,0.0766968910782138,0.09413903397791817,0.07275662193488742,0.0340395785615216,0.1143196472340482,8.432913131874237,4.05283380131505,3.703969327074947,1.7324782490988433,2.2344207150808946,1.7671704086102382,1.8914253343490717,1.496741217331505,1.7504563970851332,1.543729675686288,1.5378006210515343,1.707928359096867,1.674219990709376,-0.21175142857648524,-0.09786989061552802,0.00402165447752693,-0.09873959593206554,-0.04683516510003419,-0.051424662901640494,-0.0006445221959348879,0.05107645272208309,0.053609511628890716,0.011316325937693848,0.07243644982219938,-0.02755547330979212,0.015142325513829468,6.475722235650181,2.608907436066662,2.5501490913898404,1.3474942144502784,1.6831086850180297,1.2692093975211707,1.46692219177303,1.11915357463854,1.2630188918996739,1.263403194184537,1.0588553572404351,1.148193248114761,1.0290987408414891,0.4819944347197443,0.42706564337842995,0.29727582855403056,0.3693703009436528,0.3735671762756452,0.5734863563794298,0.3197139328112826,0.2980222899788692,0.5185855520044074,0.3771513050187086,0.40877634908049654,0.31706331381258085,0.3114214930103198,0.27482355207220244,0.21944507446286357,0.3190965041987228,0.25984518526162753,0.3487188209043379,0.2301832139367619,0.19274562967105127,0.31843796951803877,0.23999003305074518,0.31035097247987137,0.2221778748317955,27.38964445922963,17.209361461193833,21.770039105153568,21.76298135827788,21.016465818506024,21.33009014120425,51.66637596402907,6.281116770065583,4.592230418530263,4.800667802015763,4.03841542241834,3.9472440984101334,3.6774742859014897,5.784429869621273,1738.6391598781531,573.4153224823785,3629.873318142361,1061.6141387533378,0.07679126880787036,0.045999984551959534
23,Bolden. - Nokoko.mp3, ,122.021484375,-311.4149080868121,85.18953289257156,0.4286123996163595,9.22674367935569,-3.285248025906858,1.5838709834641147,-9.903710942301485,-6.593423471797578,-8.317406600065254,-2.1586037147560235,-1.21539201863386,-10.29259046378695,-14.084199215848875,103.92431157617388,28.824794119548724,19.97193959906293,14.884888609743156,11.046487917306349,12.78940799769768,9.045133618393685,9.596390268560606,10.114749725217342,10.95360955532402,9.531331437552774,9.483591327943396,9.379664734875513,-2.246372453385481,-0.4104948196341686,-0.009584619699586405,-0.18094480420961503,0.02012048913654584,-0.1449277979094696,0.022613208016587626,0.025954568153534682,0.11981368768402595,0.047416156008379694,-0.013710429178361126,-0.03555646117483438,0.00721504101615951,7.629569271080381,2.975365877409434,2.733788961934758,1.500813989191825,1.3852627941601323,1.321285687972536,0.9512491540924701,1.0868881855791461,1.0397195579024137,1.558058590282166,1.1897927709085618,1.1073136631590692,1.3985637649605787,-0.02172748122456265,0.008532491248146987,-0.032279311379821644,-0.05395670394257953,-0.0008500469963491679,-0.013861214350420337,-0.00292748503205884,0.01609510957280657,0.05016807377466682,-0.017915230100675496,-0.01791142206495329,-0.0026849603248671364,0.019606400373532656,4.09200292155355,1.6871639132240965,1.971283602433494,1.1091070096607747,0.7692478627501956,0.8688219040255923,0.6794169462629451,0.7699937219393304,0.7592619732258643,0.8636273172401698,0.7575965034146804,0.6996038346440904,0.7184059123236338,0.14778914719625638,0.2110809946314498,0.13826489001857462,0.2518119007818987,0.1043776347629588,0.12580322373222222,0.15233933807201225,0.24867054098285735,0.7176671683512352,0.36759732204293954,0.3456392697553383,0.21535783927807914,0.16360199507398562,0.254909348839968,0.15080647238147457,0.31409752684225656,0.1194256903139279,0.1628026572616615,0.19193459826592188,0.1587585726947088,0.3550444820754506,0.20562456834798878,0.3539728756522967,0.21755080392537987,23.439171743474343,19.676343556482934,20.503943985982318,24.329482841838242,24.345207559867262,21.349272691690768,49.92256566298044,6.574356348064839,5.4056481541444965,3.980750014712364,4.241493521230129,3.7596557154225656,3.8459696745003136,5.128786110120303,2012.4722312065533,717.5728678122268,4308.867051866319,1708.1104371309314,0.09410264756944443,0.051634745552348656
24,Bolden. - Talk to me.mp3, ,98.69384765625,-297.6930743794382,151.61323796378244,14.543892122069257,8.025224974562908,-2.566562144384708,-7.637325668477534,-13.982120136511915,-13.03975569535001,-20.908872669907634,-14.745365991084663,-13.839298790619699,-12.603962495923042,-10.218855351485589,91.54539042908304,40.16488440298526,39.618240200653105,20.974844416040195,15.39140741834409,13.060361481484913,10.930659554213102,12.39676199115931,11.848658470228841,11.810634355564813,10.132247345861956,10.070763604215438,8.107903726646162,-0.8533498672193583,-0.30285320540223226,-0.07704255248011768,0.1499810666550112,0.0022643592088615466,0.046034930373059106,0.05637331358387055,0.026286268710980863,0.04037761243554636,0.03473919653046278,0.09107507835789065,0.14390397885272474,0.17287905304800477,8.82925883370147,3.3947955567599504,4.600057520343472,2.358759899933105,1.9046180345437327,1.4757505861486868,1.2531234609174977,1.3230622531233125,1.2305389309473724,1.2500192872595701,1.1033038538173479,1.037252669787336,0.9244575875846613,0.2674363787561931,0.026648227937439057,-0.1067444032227353,0.07035707289649082,0.027993586655982113,0.029285971999792156,0.013534855635054866,0.020828162506079002,0.01718784572900112,0.012547009853059772,0.01917878907809126,0.026205165079941417,0.07434489371335525,4.531461806621545,2.3546233175969,2.8152772979946263,1.4491606379541977,1.0627269892714453,0.8460268428332379,0.7868067414343871,0.7682534732974516,0.7402973864888622,0.6951987452304617,0.5854923641113253,0.6564274028982816,0.7240683596438703,0.3884896217106287,0.21015003352263587,0.25762622176585465,0.2028513004723793,0.290053033200416,0.18013638797955212,0.15953445548838777,0.38897735096606206,0.18566518798669915,0.22469209536427148,0.20275899339079237,0.44580149272511377,0.3216721315785534,0.20322779922478093,0.3109846125346159,0.19703276461487915,0.27388892826258177,0.22445131679266137,0.1717830954075268,0.38698762512743645,0.18121958813917963,0.3018305748087438,0.17553343632066845,0.3893993556228879,25.1292856544423,20.267774983262473,23.95202642061742,21.391411285809212,19.55408904960036,17.80491392953336,45.85916730445867,6.905152696714804,4.98999611990715,4.219154805637896,4.4629730644585175,3.8376345667666265,3.741271080593062,4.136764277294193,937.9945991636783,414.1004393254571,1637.453884548611,1383.207546529797,0.034051589023919755,0.011937006809216735
25,Burzum - Erblicket Die Tochter Des Firmaments.mp3, ,116.89453125,-90.16913120834916,46.8221644707668,-13.232368726697231,14.439227568146626,9.265111049568212,15.755626869790348,-0.6617252294572046,26.67279083787659,15.969959282304771,13.21981513334645,5.122487935180097,-3.1873743962467778,-7.029760304194542,51.46797494893327,13.860168305682599,7.511992161444948,5.755063263108819,6.779065596413621,5.694973100600786,6.213095191762005,5.7299395018861405,6.058900442576291,5.215231886654585,4.504053445936701,4.717242515443771,4.690210494668723,-1.3862045081763494,0.11588390987297452,0.1368837797702405,-0.00657686522161519,0.0603111115795198,0.03028590509734105,0.05500510743733663,-0.008213504622862846,0.04834261533728245,0.03462713379930291,0.051801880834341035,0.030765903858632496,0.0030351359681743684,3.602890021607877,1.738768442664594,1.0392137426923247,0.6822475518620847,0.8158427500235771,0.6460262243038069,0.9149925107116698,0.8473163936843541,0.8745039818169659,0.7630475152839189,0.660877855040522,0.6803422211188846,0.6221984870021878,-0.1679291910143177,-0.04371891291323406,0.0024751012064775277,-0.033486323294597733,-0.027852388720346444,0.004912249975331864,0.026846919424887917,-0.023882049776507357,0.018869623140486555,0.016313555016596284,0.011351184640654627,-0.000988224533136451,0.014338017835491624,1.762594666648142,1.323493677683104,0.8012053635547248,0.5544536325230093,0.5763058874760519,0.5349871720182536,0.6401342331750378,0.6084878269478698,0.697696464399125,0.6413843682243338,0.5161367280349128,0.5013444827505285,0.4677222389442402,0.4802912189050313,0.45091320194855883,0.4847564588151412,0.5407988779752712,0.5506032256432521,0.7460098963368823,0.6133416505231534,0.6480847594822631,0.6317991185013526,0.6098863562270079,0.5178100843166495,0.43932451241661186,0.20186605168996685,0.2026931816940624,0.20091555858048235,0.21567183597914888,0.16221595335128366,0.19788280949591205,0.14896867417696316,0.2114444612598045,0.22645666913533158,0.24881447010330773,0.22659766179564,0.1895732937137652,20.162788005621803,15.426833391813483,17.70123058486061,16.971544153816097,16.191353845681416,15.338276054585242,48.01239199309337,5.005174089273457,4.099985265974873,4.316629424566963,3.2630517086406114,2.514139771641242,1.7190940309385094,3.435372121827877,3362.3498053307903,443.3636680358888,6794.024658203125,721.639238652504,0.1831657503858025,0.05029572952459451
26,Burzum - Lost Wisdom.mp3, ,129.19921875,-110.96088947355747,70.35848499521796,-26.28306284583645,83.67958271356277,15.712358234174275,16.13726537812639,22.956018634784368,11.059829009351906,-1.6167565388260066,-7.693320739324446,-18.12783442014529,1.7021936353434015,-7.947354563040498,74.37716908025796,17.916229867138167,20.47203060779672,12.668274821986287,9.44460044691647,6.66727219316212,5.848639669217834,5.723911485664764,6.471689565432893,7.156455394026682,7.112740911601073,4.970167298870038,5.957879157712892,-1.352738756513982,-0.001213384991264499,0.13560654782207918,-0.15871175870092377,0.02296289641059429,0.045329616922471255,-0.014609261722027983,-0.015166388508392331,0.020329440944615387,0.03628063982659462,0.07635663001780847,-0.003998663883662014,0.02529769313929855,5.602739697832962,2.8646562552495674,2.4271999129147113,1.949096650430687,1.2552875662816276,0.9361526854563227,0.8799629698142685,0.8340328975739194,0.9212883254069565,0.9837774427099056,0.8553088827792239,0.8179534261708516,0.8941065490953646,-0.0630532878862096,0.0014374091054232402,-0.01720968189212367,-0.0056347482849234435,-0.03285560739944534,-0.016333142903426454,0.019171688584955753,0.007495680400659043,0.004988598470564611,-0.009522160224150865,0.022169568808749318,0.01134570964284559,-0.005775875259761376,2.4202625571734573,1.5307492512725875,1.3675771517067143,1.0426998352444026,0.6602760867916745,0.569168102833732,0.5768471171638383,0.5804520636869901,0.6153974087254374,0.6368676352652991,0.5822770505715446,0.5937827484191325,0.5691349601034309,0.41690917713797565,0.3728428769247307,0.3808456100178537,0.4371851629888018,0.5403535643385516,0.5303084351536301,0.6278666951061215,0.5617763976463013,0.4322281601079912,0.26242987009018287,0.3430850418215549,0.5464690902161147,0.2255763227414005,0.23630395740963114,0.23109791617080266,0.20139349747601812,0.2967753494433112,0.1991881668381217,0.29342603278034124,0.26551776881275585,0.24589371691802953,0.1900110741673925,0.1780184154313018,0.26543564218119775,21.573480067075597,17.55934205233672,20.783852023328958,17.71781499054259,18.412034185667064,21.757210657013385,47.799231564240706,4.402183273185411,4.469367009968072,4.51998959901718,3.449188472914688,2.7870943499443945,2.7314795271157046,3.6545999738669224,2355.546594968959,432.4371249309982,4398.15673828125,745.5303850462263,0.13039671344521606,0.04846001423099411
27,Burzum-Dunkelheit.mp3, ,129.19921875,-58.57810862353187,51.04584792366734,-12.299835721191803,14.882844655969997,7.912630848402595,17.640345690794934,-3.2706024145914445,26.56795687881517,19.574845764372085,16.26570956206616,7.36662388390597,-2.612577607602249,-10.680993840282346,60.52801516903636,19.06242550883747,11.018925860564488,6.1965500902337,6.234686502872795,4.329367335933418,4.250338209788971,5.109814819205023,4.489642164094125,4.268058678170469,4.256692850519369,4.321927126714535,4.271252206822133,-1.6233203828875205,-0.02005093762299684,0.054252892338820254,0.02145075597137394,0.08810332460784537,0.008634971388627165,0.031284761060328216,0.016686006538181156,0.008747815851906865,0.007601750464491935,0.056385754929556525,0.03765845055839932,0.0415699029855867,2.2737364977785606,1.8563199144484959,1.315394565366847,0.9409659470121544,0.6692373777233057,0.6763344030627514,0.7411733020213132,0.7967245389181352,0.7083654771557774,0.6320896386553548,0.7101244795111855,0.6495959869952885,0.6010221707219386,-0.11339357052462601,-0.025058375287766537,0.032002232133060186,0.021516208043954346,0.011679210567151274,-0.024380759592958507,-0.009968393067268792,-0.027144230929187885,0.012447244343261615,-0.0088880005235824,-0.025898496224401223,-0.01409912897082747,3.977024706402465e-05,0.7659404198826979,0.829083820479875,0.6466325481528995,0.5281208763055082,0.48169247093313045,0.4655809292116486,0.47240493857003285,0.5175721608469493,0.47799716353440863,0.45171141093303263,0.4661396894175363,0.4637049587177662,0.38447319929154133,0.34168740670070236,0.3880982484185585,0.47399197425693274,0.49093424781789013,0.7304302436977993,0.6273983852638875,0.6086267706604652,0.6761849501434667,0.5575021867766792,0.4411016758128909,0.37892667857217194,0.4770276478411239,0.1753984533428928,0.16919423536834685,0.1903407172760009,0.1771464821133145,0.24663076385567026,0.18430711267320019,0.2137796249322087,0.22644797117997495,0.22005222649915065,0.2171543779550952,0.1743517821480094,0.2413270298712288,23.945130475858306,17.554688497927216,18.942824963645624,17.326249917855062,15.963284989660286,15.064344058331129,46.57016512998004,4.638753361229308,3.8767220090805865,3.803663090900004,2.9461465333265973,1.8431125485107138,1.316475742166839,3.2389085766530794,3337.028953215287,463.4606698382211,6560.61537000868,853.9359154382006,0.18059473861882716,0.04383029707966846
28,"Burzum-Ea, Lord of the Depths.mp3", ,129.19921875,-80.03176673253377,90.3610934033806,1.480426651920067,36.54135435948401,13.68563386451821,20.547662543845764,12.704864094516745,20.11372312498681,16.21667992627179,6.482022587255931,8.207035509340557,9.750811893538929,6.522569144443597,31.810788137311068,22.046907980914245,12.058864595162651,9.852825401620974,7.733786321598288,6.147182867492265,7.512743037773373,5.396101628785639,4.351796932783586,5.239338486240295,4.508722584391337,4.509197967243065,4.405039706757962,-0.5839541899327787,-0.1834269026969847,0.07108427139780955,0.021426923275511295,-0.00845826063407542,-0.030129697053106846,-0.0053435254721315925,-0.08122742979896519,0.007249200149269684,0.018737284296312953,-0.0194505851176484,-0.023759410515740903,-0.003247309961919616,2.9994451046429393,2.3856681219698417,1.9541575324865519,1.479275843461555,1.130774935538868,0.904039445982863,1.142101363697776,0.7676235152390408,0.630549847434554,0.8039320555047839,0.5680714658533689,0.6293426849608568,0.5694387319242775,0.05407757602379093,-0.0017317865341384385,-0.03043335712698783,-0.02771480036985681,-0.0716345889695394,-0.05550470274160213,-0.04465346186357855,-0.026769348688245417,-0.013185791670916784,-0.051524755829890585,-0.04749249566826441,-0.02144735530654779,0.02015948026839823,2.285625215950781,1.3852326585032209,1.2527998705313932,0.8712184055611941,0.8018243954919683,0.7329043025599306,0.9095563647765864,0.6038967979336195,0.5303142377290989,0.623453193435364,0.5196415765985682,0.47376799573979805,0.43453674718016994,0.6829552198357788,0.5904578194482092,0.5552150443610219,0.5021439371285615,0.43164469734018235,0.4739838013839391,0.5542846028635532,0.5585724724065743,0.542146264678902,0.5636505607147644,0.6459834618424928,0.6985742836546751,0.21042822191542085,0.21142216257429988,0.2488062656862933,0.23290138263698348,0.20455310012198358,0.21775396701122626,0.24372568830029737,0.2599275931428704,0.2280457372253484,0.2136206438309365,0.2399307560253823,0.228212180207957,18.852475055555775,14.298951215007875,14.503435212248554,14.564290549446858,15.515467155167164,15.77798291803154,43.77747605023711,4.770482406730618,3.6974423857953673,3.267381971763996,2.625079435250347,2.028981952057876,1.6121805618834248,3.6124402242744953,1866.9320860948337,252.90114627570026,3686.0989040798613,533.0577167543172,0.08058298369984568,0.018503347264050972
29,Burzum-Jesus Tod.mp3, ,122.021484375,-0.38002679451012494,39.79570284596196,-27.286113733126793,8.828434844443827,4.374011852491049,19.123877792078773,-4.0784327228680075,30.42248037126329,20.11153245560917,16.658710553322308,6.6471281378173535,-3.326863483146385,-10.370424151236628,66.76936476035137,14.158067666602955,6.52585707743151,5.105083873212204,4.388354389150585,4.872251177337863,4.191985496642643,4.563274908236568,4.18500470189282,4.39116361926705,4.288794613197305,4.364956414668571,4.123076008939162,-1.7175487466098993,0.027160890309864443,0.0015777403533309235,-0.059336009645370336,0.020764643893028137,-0.08208151410310817,-0.016731111286603272,-0.04822930931262773,-0.0021057428050510313,-0.003769921097382734,0.004985734768625765,-0.004103521765590599,-0.011963542767823387,2.6355004733531318,1.596045673656292,0.7688556703247497,0.596940352174506,0.6862269839632557,0.705323873538148,0.5577066736348556,0.641743233192242,0.6023739431897125,0.5506806249569143,0.524764926286179,0.5543561721396743,0.6231846381837909,-0.1023944653003846,-0.019507235520175102,0.02673547173294032,-0.004706736635359255,0.0013768300209617498,0.008496971152913986,-0.005634138130663355,-0.00043530469720056444,-0.009763129702251818,0.005252392014724283,0.010708885527155536,0.024063386130117936,0.009193790917660082,1.076464366306348,0.7492759311103828,0.5560911626566066,0.4478171166517472,0.4710313588419126,0.4390572899479159,0.430495118182085,0.47387960364826065,0.4913730861675913,0.4277408483672376,0.3970654199647505,0.37347870439690906,0.44640049030200996,0.4386218849247621,0.32480683706033925,0.45116014176128827,0.46464140784501295,0.4640770134642536,0.5349001537916469,0.5177468893428644,0.58723719107608,0.6415825037078725,0.642620169799085,0.5051158890588048,0.4716755895656936,0.21471205700122323,0.14769874098760138,0.19024225124957939,0.1768368574583404,0.1890134148212281,0.2285476110828664,0.1938131982616628,0.2532979038154796,0.23318118701032198,0.23747300655812717,0.22738818381562184,0.22301094866733942,24.01129499381983,14.74848830095362,19.252326083924313,18.036054856113893,17.323096929026974,15.410046723522344,48.39822788221701,5.309812201802262,3.724504690460936,3.8152510185425457,2.771279990528102,2.303152988449823,1.4558221710121442,3.247041385366322,3463.283650094769,311.8004667318516,6653.327772352431,548.0240334421301,0.20247998649691357,0.036394318536312635
30,Destroy Lonely - Nostylist.mp3, ,125.6103515625,-87.38216649621359,81.65425277455353,17.44833522025829,14.403560859737572,-1.6238136479148155,16.812476435147317,-6.737728150078543,4.282835269231855,-9.49818605515692,7.468003567722108,-3.5716006036065977,7.254850741337847,-0.9083792986923164,48.51328663000725,26.12335784870652,21.69067806841743,15.963571229230404,16.056559385636554,13.698991187020424,13.61419883433606,14.75550008023894,12.030287030532664,11.595267411723688,9.935236552896432,10.64092523234423,9.29881389863486,-0.1540814244682774,-0.13814648792699533,0.005908104102414695,0.16224913718178866,0.1779800916412546,0.011961149805251295,0.06662139513552832,0.13051251255918617,0.05204147244638326,-0.031931852327550504,0.01957152039171944,0.07121918888124464,0.09039949532598257,3.677561685663124,4.108823779084524,2.930708008274984,2.771730309856414,2.6797826475902835,2.315139965392433,2.282951120494233,2.4738911792775986,1.9023693680833604,1.8104103293309326,1.631739107038008,1.7907034875742498,1.4859178481974598,-0.20494605580137837,-0.08255129757216545,0.06248996086867043,0.09322032601469094,0.02152605266109063,-0.0026400475245383047,0.009030446844041796,-0.07613200284856843,-0.006809323016815694,0.0002513235222180281,-0.010741185402658622,0.00741938066799596,0.03213717585952699,3.7195928112728716,2.769084244499728,2.09098593175999,1.7267706336315072,1.65834522751699,1.3148709424365206,1.3431530358500259,1.453203425885946,1.210587453569618,1.1602968530460085,1.0535125298222572,1.0442799193952645,0.9054725293752693,0.3983694070024577,0.45889911881107603,0.47421034399626977,0.3213445692967026,0.31503994214451975,0.33149997145656124,0.6163448719882672,0.4295632064940385,0.4572169662045062,0.6291749814387272,0.48015885608109804,0.5661252263076834,0.25207348307297156,0.2964148459358111,0.2974904137143706,0.23359022436014334,0.24078920224158673,0.21090646858157935,0.2684895660514337,0.2408192620856945,0.2440215078940329,0.29040696651001907,0.23536593434519668,0.29319340877349626,21.521327081480027,15.550949472289005,20.43398845736412,21.374920921806602,24.453347542118674,21.779727220812337,51.00524966059129,5.658162376425427,4.0514065977016,4.477395162357528,4.531775651727843,4.932699152796187,4.387135240329793,4.466064793651447,2414.825970215352,772.6529644988581,5439.991590711806,1341.9200670458602,0.08103811005015432,0.06498238593319142
31,Dj Gigola - La Batteria.mp3, ,161.4990234375,-120.09982669141925,87.51048107574015,32.65501964809718,39.35149048875879,20.564682866826104,22.814969873538725,11.220018594169323,15.571491022352818,5.640921060639767,7.709898235391319,1.1728913067023696,4.106545394240523,-0.5330241713902832,95.03656094135084,45.110354703138086,22.491835869373386,14.420912839263623,12.009905963515246,12.12415214845135,10.80761819045472,8.753344792829129,6.781601203979421,7.046342092041551,7.045131257072446,6.470920624305809,6.3840529839551445,-0.44211254865046085,0.178071208982326,-0.26329399752338994,0.02645240955336456,-0.06850228016192876,-0.04761580449022729,-0.028188482062735904,-0.04551408010790769,0.032506901249117044,-0.02084388929838889,-0.002596127201320119,0.002464217053874349,0.026034544801618324,13.557920512842571,6.361791369159292,3.2527524261784415,2.12021593336079,1.5280365666214717,1.5248465203969683,1.2385192850630846,1.1297511323517457,0.9655482629628759,1.0246345786679776,0.9515556562048205,0.8905810180879249,0.7959614256267434,-0.8831377011022449,0.5047494868379959,-0.2727464680807136,-0.08722745375362811,-0.03885038519841561,-0.09668537266523702,0.0006797200702648194,-0.0445034695116596,0.04455256059673832,-0.00980786641737745,0.03551398282353249,0.004487275887736303,0.01815575384301346,10.886718673774345,5.849361206731278,2.4917396752474654,1.6983034086175426,1.4968737663144178,1.162071013308818,0.8910262004600531,0.8272443526876595,0.6952680517710115,0.7338414553037461,0.7366715792228765,0.615697388741033,0.5814658464556594,0.6006441126537313,0.4899744596935947,0.45238304871168955,0.468446282054769,0.4929540061138938,0.5797827626610129,0.5265903668248175,0.5057774103120153,0.5296145741724306,0.5011148862195788,0.46379432106321605,0.5446995378638629,0.3140390725745669,0.24922868907739668,0.23659449841252522,0.24168674475511362,0.2287421459793205,0.30000078391930446,0.2630967456907,0.2683252034069747,0.2752781512255423,0.27798417414988597,0.2627718103449129,0.29101790126134386,24.224573517361566,13.972358395513057,15.335163577000436,14.900431879298978,15.450591891549719,16.01748262160419,46.31425204604682,5.546742031243622,4.549041341544428,4.255549459344394,3.082699303915522,2.7179988776567607,2.8821909197680533,4.558739172729908,1911.4435441448634,989.0054920236354,4402.07790798611,2295.664585483971,0.0521240234375,0.05507839605587611
32,DJ Gigola Kev Koko - Blow.mp3, ,109.716796875,-91.26080987809434,39.49041220527372,24.704852626923426,35.136495139771775,7.721530162993773,22.349006959317645,3.3545343068048905,16.09240980354356,3.0189545223098477,10.547602295047708,0.3316909533775883,6.731437105777455,1.6883498765528202,93.26165684831885,40.205341825204236,29.303925669230058,18.137591984286512,11.658569776825635,13.552855861574168,9.185997430303502,8.957625719362028,6.983014879701913,9.034648327959468,8.576512740812346,7.087171031411478,6.179374452989628,-0.8337182796985646,-0.2618916709783392,-0.2837093626781378,-0.17502372532602928,-0.06261390791113638,-0.07557973425251857,-0.03359471445466265,-0.07106815588970979,-0.04447492502915765,6.383663635516994e-05,0.06551308899495915,-0.009768768143983858,-0.0038138039303759557,11.934766495684618,5.718575153608992,4.772341318793455,2.539513251505707,1.931307487240159,2.3335797777177483,1.4036289940531608,1.3792469128980784,1.1487323472150006,1.4495911710424727,1.2469090807326992,0.983314149319143,0.9606286176843971,0.13156682457257476,-0.01600992214509551,-0.16464436162452867,-0.07368147203031881,-0.06071010185549335,-0.05782254398685455,-0.029995345460239478,-0.005644041414654318,0.02139544923341385,-0.004773886101090433,0.04807006975026503,0.03467672384907434,0.031052872747548258,10.875597647339923,5.603014540949016,4.254254551714154,2.1370833114653416,1.8239043701684128,2.1591179602126553,1.0491433809762283,1.301483880699761,0.9722855212628386,1.3735070550917412,1.2208496605758696,0.8541641875231223,0.8894995602637294,0.7351802095862818,0.6549156702319044,0.5996014795001642,0.6254612853589617,0.6409295255571236,0.651369746176549,0.664921865189149,0.6890310359957779,0.7152930436954823,0.7118335774191369,0.6973500924161923,0.719341224082458,0.22786093816762507,0.2027753801235034,0.18194719741263957,0.21614190033461914,0.24696116857880202,0.26619107232604383,0.2468716082651364,0.20094616189375894,0.19214142736935624,0.2073324256653993,0.19057061753149818,0.20981625895825706,23.398639775837257,10.999054171055532,12.727597695431077,14.454729430306562,15.081354079324408,15.484994528921929,48.17713945369301,4.629764426407053,3.8541295086189202,3.420233144555412,2.474268621124406,2.2949617206521578,2.0945647396240465,5.103552694886855,3080.546678392979,1251.9939965445244,6380.872938368056,1800.7735192845837,0.13176661361882716,0.12816111410843709
33,DJ SWISHERMAN - Tell Em.mp3, ,90.91796875,-84.09590975354989,51.94806249163769,22.939679648773176,27.302480889231333,5.846654618710832,18.954410650295973,4.5601269395815,11.459149522913826,-0.4942235173082648,8.600931668286153,-0.616817565841807,5.032759146373949,-1.9502866032682824,66.89829062756085,37.49263658651615,28.121062318741092,17.911385978096522,15.765106119291309,14.443661703474262,13.30900172754381,13.131309183135892,12.273679699835412,11.200677081697188,9.735005996818861,8.850497699125476,8.9954115633781,0.11559703525724924,-0.3587068334842722,-0.25582755225952025,-0.1833124925457171,-0.2677094209479329,-0.22164331192587627,-0.1630038683707639,-0.14735456893686205,-0.16829470200730015,-0.08761591150965771,-0.10372209814657389,-0.054941183708667074,-0.050933736730022015,8.953735880621378,4.572099668441216,3.98905847192905,2.190850539806084,1.9411971501124663,1.869381238135669,1.7270416150876937,1.5930360514367508,1.526669140400748,1.3506844559271725,1.2501027463961778,1.1101553864739218,1.1203993250355493,0.3512356541533437,0.006811331080152067,-0.20438154798143335,-0.10243994411494999,-0.07444890859124702,0.018453626778482658,0.010493085646346488,-0.02327056850427417,-0.06213845125037348,-0.03981489768930147,0.015911301316975122,-0.0099944485851598,0.00872407789503075,8.50191388487672,2.6447602180557355,3.427323490496704,1.7388820896383452,1.4766626724747247,1.000353701999541,0.9664499624107824,1.011632751095551,1.0350406836873292,0.9777116609234698,0.9024995310690569,0.8288652051581584,0.8348551095972283,0.6257764191631182,0.5648685335009186,0.49557532367790924,0.46087417832035343,0.5025352930627119,0.5200880345095087,0.4849097242371904,0.540367046026168,0.6797638212641081,0.7611761017484061,0.7046135525552578,0.669653855494143,0.22071707171558907,0.2322165002418072,0.26433767433513516,0.25828581590062066,0.26424453152754246,0.2612842365719274,0.23652794716448944,0.20746136319109584,0.22941489905169699,0.2722369568524978,0.2292693933605904,0.19524694732761882,24.94496009938183,12.370196641204686,14.638253826486888,14.412430816333478,14.757386975832452,14.736093060386485,46.89589353955924,5.979170849711227,3.7225603120823862,3.731764589315382,3.2221194678701433,2.0535235243619203,1.5883071330245853,3.921525371432437,2903.4386290700636,1187.3043489972256,6053.056504991319,2146.3049546538155,0.12290973427854938,0.09410614264595508
34,Dj Zup Raiii - В Коже.mp3, ,129.19921875,24.92929838328726,108.50730284938106,-6.9446443734851515,25.10739525637509,3.8624554445714128,15.034605272298242,1.3492611520176316,8.238829764227072,-3.4103910132759694,6.312110483462429,-0.024270652597885228,5.951657167739339,3.5526860062446857,48.60663815344491,21.742371019157545,20.376110877063844,16.541044179806118,13.585019535202465,9.640193238716021,8.259680876452206,6.616569553046084,5.924490147686206,7.245337636821002,7.94402938562573,7.308244330761041,7.094313603433311,0.27882053576018895,-0.008687554599924222,0.21752764259315568,0.10993533255604244,0.02954005005332515,0.0032347007726468632,0.00017703128087529692,-0.031616789908263325,-0.00028993001992434823,0.09246491909783079,0.0681859284508571,0.03328406746121249,0.03427013255552286,6.181504788059453,2.6479744255899775,2.874865837973637,2.242147995708353,1.7543512274032829,1.2520162495205722,1.1077926933220217,0.9186409735004352,0.7318312167996194,1.0339617114284874,0.9610275218451688,0.9297305462277586,0.8520038000626889,-0.19976564415121154,0.11215963521627363,-0.013105590523071128,-0.03841573011164588,-0.013182728033926753,-0.05724895666612106,0.042317441612177376,0.006213499514373842,0.0061502739690807605,-0.00957479114273425,-0.01047749123909729,0.02192674470593992,0.02289914550837474,4.540827370821213,2.221646750313966,1.8158914971265263,1.4179356249704378,1.208936949123452,0.8096129532598346,0.7688540844474415,0.6497459232959762,0.605994597055359,0.6591768767609382,0.6953911649169894,0.6551902732372054,0.5687838078748676,0.4964846161418353,0.524802037520495,0.6693580020908957,0.7196316517728532,0.610666703996191,0.5338254289897044,0.5186123826518011,0.5368155704417416,0.5027575456784509,0.541046654805541,0.580020091509343,0.5307361889058541,0.20892714158929704,0.2202667090855658,0.2680757984728084,0.2755991340573843,0.26684968288402633,0.2511991192953391,0.24190254217185267,0.24388601942808794,0.23869222377225854,0.24092422194198929,0.24142530167337084,0.22850578389011258,16.730341301406384,13.13929626274448,15.631648996289284,15.735688634149952,17.55320059232223,16.736748733341173,47.84546400491107,3.5980062822098238,3.645996506280982,3.7079716061642185,2.969704462233231,2.585911583644022,2.3530871708684646,3.9548811163750295,1869.5874744438313,536.2165275379012,4182.259792751736,1287.4653305213055,0.05870677806712963,0.03180396633051497
35,Dj Zup Raiii - Тело.mp3, ,107.666015625,-15.176278893285387,116.7050445109238,-7.1731345340793515,33.704073705790954,-4.00491531625574,9.748032809591587,-3.0832849617725535,10.062677238228511,2.910805267638262,6.17277345686783,-0.18843488146861395,4.403219020385065,-0.572478104658701,42.2672838338039,26.07873149358383,17.281024760297196,10.35021949743666,9.527721142418299,8.534446516093423,8.076746401549006,7.352270420136176,8.197977987155847,7.389796031396693,7.242473878822808,8.066500141146413,6.708709614323895,-0.06590815326579802,0.1719571491473435,-0.006460736555990156,0.023212912505838217,-0.1348013354502733,0.026981801521119283,0.013114601621594002,0.008208409542010173,0.04454187414016758,-0.0373450244265252,0.0334195329816322,0.05983262422874019,0.07832946298560588,5.6300054489772124,3.7753660519135486,2.5034262835724395,1.5830364602034603,1.4195320044319375,1.062730907263213,0.9430651628807697,0.927690519810673,1.1349761641889151,0.9331367816714907,0.9320066769484573,1.1058555048584546,0.9376059065778534,-0.048732528244547636,0.2106391216360929,-0.1492866315694963,-0.0410319092327062,-0.029810543887800092,-0.026252085585535195,-0.004075414803666694,-0.005031226682519816,-0.010642810283447213,-0.007635465050245531,-0.021675156608344643,-0.05903518565838443,0.02492170868711661,4.210473282904404,3.352897518829442,1.921475823925804,1.0683969179543091,1.2007668143243686,0.8219135868780367,0.8542111174625288,0.8062072461928738,0.8799636604814324,0.7416869886026376,0.7626479259364841,0.9601188516889128,0.8027870893346557,0.34911181365842586,0.33693552728135856,0.3598378209007708,0.5146137192794323,0.5044441307445034,0.46037767463317714,0.45527954484669514,0.43405704795926187,0.46518714889096396,0.6681456654447556,0.5582205282328766,0.3914316099792443,0.24610777450302723,0.23580096606052112,0.22958545554232265,0.2932999524236117,0.27910838418945955,0.2855004536392609,0.2816125671020553,0.2640718535877385,0.24910316766569504,0.2773819112343259,0.265628192872559,0.23270212383659225,19.185193040791887,12.936060229743328,17.151737947355308,18.22893526432257,17.30032378730959,17.553311086808826,48.924455437320056,5.163333542421722,3.7232554381523943,4.346567882251594,4.1036370573479255,3.2368080742478256,2.7358844232771546,4.57279494163154,1675.8151159967547,563.0970714953836,3722.7851019965274,1326.1673279951021,0.04522026909722222,0.03436860467556665
36,Dj Zup Ralii - Модель (Model).mp3, ,129.19921875,-29.298536258439224,90.02366568295308,-6.982949310246808,22.53655156277028,1.1942244827931308,6.082191290310871,2.7902869871921006,6.235561232875895,0.841383686783597,12.921024644816365,7.164951710513345,9.280906254310667,2.392819627199644,64.70609074410424,25.998222646545766,18.935302160479868,15.082129037735626,12.287117538115197,10.589399493388546,11.36937274521357,8.99429404027255,9.93143873357497,9.995351930678991,10.716966779596182,8.871627144655244,9.460609241978668,0.16373682842607162,0.28125421098077,0.2394352182224714,0.058806952056733676,0.13795448387225653,0.126349469434102,0.12341800554839456,0.0385464946818423,-0.011500502399738044,-0.04351095041694166,-0.09545496481775816,0.07768245161217091,0.08010605587710247,5.24142133949162,2.9360934940753274,2.242601080708669,1.7758071585785304,1.5417236751248504,1.1627035625825595,1.3579658938779353,1.117018639782615,1.212015084063187,1.615010603821663,1.7145587259195423,1.2549912784050437,1.3670759921060602,-0.09983394294977188,-0.1380398866309451,0.04614314740598432,0.009146104549506193,0.022940818175822955,0.028809650395824404,-0.0035266677319376882,-0.010598450466519062,0.005862098460999768,0.017369718032164704,0.008059785304660045,-0.013494458029414584,-0.05447869471785969,4.684979190977997,2.2709417204895757,1.6679263910325968,1.4364356300162846,1.2884959843687864,0.993045468752667,1.1415568360782349,0.9453993814522637,0.9673029385772796,1.0301276840642914,1.1501143685824047,0.8258011378535954,0.816532878536191,0.6185721549770312,0.3984227840340248,0.3607736313083198,0.44015955637273074,0.569366716145233,0.593121128463629,0.6277607245784667,0.6303615168794806,0.4888017005229622,0.38817236180536535,0.405113919275557,0.5333769582183226,0.29056257271478325,0.219019269385466,0.19929111845303835,0.2220975238709378,0.30675093863212205,0.31332251782083437,0.2924105192979614,0.26509298576619483,0.22248503824040547,0.21103315816349422,0.2206253834639029,0.25671693546109375,16.964949701479174,14.512824288854702,17.078100372332283,18.084000675087093,18.96457381789534,18.490303430319237,47.20189026409421,4.927025630132298,4.004563510545702,4.5272917206302665,3.4101446557231205,3.3819477982786808,3.1389160290301183,4.600483853667932,2146.0710051928345,646.0899541436816,4651.93617078993,1369.51488793538,0.0745653694058642,0.05350375974030105
37,DJ ZUP RAlii - Удушье.mp3, ,129.19921875,38.346398831885544,109.40277728327999,-8.364455679132615,23.276822415123018,1.8086523815621565,8.68791140947077,2.3616707365913894,10.102881664916138,2.0826415397502758,4.825607751875563,1.8103770974241655,10.060137644042202,6.7380795091574575,43.1554885043138,20.014438992060793,17.172080267302636,11.43893955247547,9.080677722015379,7.701540908404069,7.452683376116597,6.419551096980693,6.800353700294832,8.940746580337674,7.529725701566437,7.236518641799105,7.93207552197849,0.21353160825494774,0.12352265232568893,0.09479200450795484,0.11336927772442133,0.007216373865239684,0.044433742923299886,0.05935852385857602,0.10085097062660174,0.0370899255924289,0.10613298797900905,0.07750514426188153,0.04197079395942885,-0.08270390452472148,5.111582481325464,2.744331173279774,2.287755363157864,1.4913114467853397,1.1424915160954112,1.0599010416945085,0.9861830512243785,0.7646007235163655,0.9753219388165858,1.3345539831809787,1.0616854141693806,1.1149789556197145,1.3479743968676647,-0.11977459092475014,0.04069453131694586,0.019563019694616712,-0.029691563575689528,-0.0325639745519485,-0.04723228609240054,-0.045974733427606725,0.023253799421873726,0.02645812596174325,-0.006866113202255451,-0.01042863901598195,-0.03385088721758766,-0.039411116014507794,3.508665656454563,1.8215750824374517,1.3239538431249063,1.0051442443497483,0.7608166033266034,0.6900528310789098,0.6767400711640813,0.7287659245794963,0.6166681234035147,0.8946111439326181,0.6487260595680114,0.5918687652006783,0.6832382436769877,0.39992320204993,0.6505695834186757,0.4627190047205299,0.42599267578277056,0.5241272458616202,0.5002956685288895,0.5648992818178046,0.6133888260415399,0.50056030706468,0.5159755879258564,0.4841554161196397,0.42344113337961137,0.19902552000551646,0.3025697263667844,0.22798262119540913,0.24108887046030558,0.28608200760701413,0.2552549449516501,0.29307191392791243,0.3037614519768011,0.25878878050738446,0.29175690470904214,0.278540667254294,0.24780292154849204,18.14865748329081,12.929474896657238,15.520612997749604,17.152401587350788,17.84904293582478,17.031548031283055,46.339867745066805,4.307884031606123,3.6065850804211537,3.8922988399486744,3.098144884640075,2.8258506648614534,2.833380772625263,4.279603845793948,1859.3857236271726,459.17441740303394,4113.473171657987,1250.4186220405538,0.05365366994598766,0.03018258531071096
38,Haruomi Hosono - TO THE AIR空へ.mp3, ,122.021484375,-409.2433389263388,159.80932304005566,43.57396145937619,25.090919708028252,23.680155040627273,16.38098094419197,10.035337218163924,4.390325783487454,-2.320204254745701,-4.163391860362924,-5.244333340958864,-2.8642102019102484,3.819710910412265,64.32159185137802,42.93328455816925,17.715257196606995,13.321294303741835,7.671706024802518,6.513885585182602,6.431575666789399,7.070618006922587,9.015817645700311,8.968472902082217,5.740142868309537,5.638947444973025,8.702912960440235,-1.2043035041287908,-0.413525489937905,0.206610578365256,0.030772883186323777,0.10695669849950785,0.07546757297722599,0.05485673276434457,0.053210781210509595,0.035082876225243566,0.016527867823803978,0.06156384228813328,0.10760704579602864,0.11009235369410926,3.446032399595898,2.1563802931108706,1.51398056199314,1.1611213770378073,0.877292239362626,0.7968793522942178,0.7926725684988577,0.686674355881359,0.8867587361368398,1.0144734429098627,0.6824854530546715,0.6425979972509511,0.8613595624598501,0.377671544895871,-0.0026866676877640807,-0.09705414907035942,-0.05406445146605552,-0.048763047426976375,-0.019217216907562056,-0.014918419707460143,0.009806487300752282,0.008335621517301066,-0.00964669073805397,-0.012312519537963341,0.006128263759842131,0.0075319455085892835,2.1123218323467015,1.1049497031344673,0.7748942610135057,0.5879968203537351,0.49890677965284186,0.4755655769321434,0.5127135883018618,0.3988313525349579,0.4147402454450447,0.500741894206368,0.4447538418874763,0.42120237251116516,0.49378456920143127,0.2281010293740963,0.19439627932827275,0.19320981734558754,0.16235269988200018,0.29939130103701717,0.3588787145298637,0.4840627490215141,0.3930037190453552,0.15138703264492956,0.07384086048455454,0.07712946225526846,0.33002825598282753,0.18725353662457245,0.2049432675786941,0.15600250398903087,0.07631036870222174,0.0832146565803212,0.0736358334916328,0.19957320943260007,0.26572250663554525,0.10767313994761868,0.09950442226868218,0.06442697579636128,0.11712183892182217,23.257881707716397,22.25237289623165,24.894632907032896,26.689363945136098,22.412115062151443,15.901298604422442,43.96177096329736,4.737370329040176,3.90604903002412,4.70361580586419,4.845644307425441,4.754613405841859,2.356585742878745,4.240226769137272,659.138905401877,267.81961802799646,953.6417643229166,721.4661830287355,0.035540545428240734,0.010131254773399156
39,Heaven Knows Im Miserable Now - The Smiths.mp3, ,107.666015625,-105.48008870636977,80.7023743994442,-7.126037401733574,59.661238317136416,32.34605981317567,6.773918890842684,-0.22277940165849364,12.633500844700102,-0.46597767255648415,2.350827190266163,0.7424564069987815,1.990855852210963,-7.255345184080028,58.05381258955822,21.209236271860274,19.71987665089856,15.454149508406998,13.168404235663852,7.24590602455718,7.884175253715476,5.932044666566618,6.497773879769092,7.119777651325208,7.823148847735728,6.718603344247801,6.495015038110185,-0.5488924282189045,0.09016888171296428,0.016197295644231446,0.09037112132509606,-0.16130405206184398,0.0703529893524117,0.05717679833990441,-0.0718831976438746,-0.0353984507691851,0.10992185272891535,0.04867704217552127,0.06924755807914253,0.030303024669626245,9.005749660951922,3.693027807178428,3.5734247185687606,2.411371832087965,2.2211192890071687,1.1547635958590365,1.2964116215840118,0.949427849375133,0.9643693309048166,1.050716998933624,1.1757314546582887,0.8733017792210015,0.9012128553922101,0.0027850338992271803,-0.009001833742073403,0.12463180832321401,-0.17442497803490428,-0.022640367161251184,0.008623489874244787,0.01880578686523447,0.005674621846273907,0.03269802858761259,0.02267295374721145,0.030391280727969757,0.02030525907761285,-0.020189075268313494,4.819273022711028,2.7420300663454857,2.2786853772889057,1.5517828178608644,1.4134870252171783,0.8444410585777584,0.732322575656491,0.6684643534097897,0.722772511471109,0.7054758230173365,0.7279782234752578,0.6294616122551174,0.6614787590471313,0.4737779173459628,0.5266787218573836,0.3491540248965684,0.5685149894475385,0.521491229545647,0.4317125899165317,0.44180958401871684,0.2841870935438316,0.33929972831780714,0.3075445715947376,0.4408851111089282,0.4725275446522843,0.25765943520096507,0.27421105211983754,0.2152460582629908,0.30964218923181913,0.293917346737119,0.29233044250319823,0.2543785056960871,0.18156461030679583,0.24955549172452685,0.21711093660662653,0.26976513365885907,0.32131511924487843,26.84867422493196,17.511067270959288,20.716254368347666,20.826588206716256,22.083342953258324,19.882395874208992,47.918834805363815,5.037043132370559,4.183545061998331,4.65904362239568,3.455787196770555,3.41615611831334,2.7471765962190138,3.7786113557712198,2269.2140652266553,611.974031223534,4765.184868706597,1448.6687456886666,0.10266263985339508,0.0387882749423969
40,"Henry_Purcell,_Academy_of_St_Martin_in_the_Fields,_Sir_Neville.mp3", ,127.6611328125,-261.4694815741645,116.5790064599779,-14.178365414341291,28.571371814351025,2.381839842271106,0.4882536524975742,-6.78250834118161,-0.6479157847294839,-6.48168712100129,2.014147171359739,-6.390155693861068,0.8952127759471352,-1.925526494045317,113.73530271154378,28.542040258291706,14.718198319363578,7.679643003846517,7.493181115380426,6.273829018094918,6.6921343490066505,6.099832348344365,7.166780377239601,7.470619721543065,8.01208420435241,6.068162398143859,7.198145139264664,-2.369872500476094,-0.3056578148964125,0.09061103860522839,-0.05381304260528715,0.055428671963903824,0.03464718319976524,0.05066680211947877,-0.003875352772826579,-0.0015459877904504538,-0.025052426459072272,0.09072172269800012,0.06791130264712222,0.009155237323598775,6.479228957619807,2.237955442646527,1.6332091270383504,1.1209996675743672,0.9877203758366883,0.8313925249182774,0.8455816176542905,0.9386754108366461,0.8486250024741584,1.2188966496668823,1.1877606078487253,0.7759376809716437,1.1141667655538277,-0.21214394812345685,0.03676128642738475,0.03648511691516219,0.017567557407065903,0.0584162084908903,0.013056286027867714,0.029792119308380573,0.012986916401222301,-0.004928341497563653,0.02702681601829367,0.04361661934339798,-0.016436638681356003,-0.028436060021726637,5.140535778604027,1.6431581028462527,0.8446919930788925,0.7020864764481806,0.619328528247023,0.5883896121637465,0.6115579000902097,0.613834446902113,0.5805893129275123,0.6156370045208188,0.6831077306354882,0.5711080488466939,0.6246544640021522,0.2401841795143821,0.3296065592253006,0.4481243060896012,0.23429589878399795,0.3754328655044514,0.2991171831791117,0.19404859746156697,0.26418443160694965,0.33439278096696484,0.6722219910315973,0.3911108869691322,0.20616412442752427,0.2836380990977459,0.25156507436522096,0.3029356593989904,0.15836212920355672,0.3051978679170231,0.3020220700015835,0.19546885828317384,0.32521629747932,0.22113402210464397,0.2925902918387173,0.3176415839568143,0.20308003323559984,19.2200672865914,17.117737033411622,21.381615917824437,20.063690756131482,20.37135681399562,20.7867492271028,50.15030819059521,4.673361772343291,4.08663174972497,4.06379801124429,3.425186613086595,2.983831690356141,3.193572731708045,4.477156906275081,1782.1233444693291,488.79134204203825,3624.888780381944,1135.7290236509982,0.07869315441743828,0.026244266712658868
41,Hiroshi Yoshimura - FEEL.mp3, ,129.19921875,-415.9664438035754,122.8773066614881,9.651858703957663,34.11197949164076,-17.600591724186582,-12.382486464248762,1.603798244746379,-3.503576916171077,-17.649054072245402,-14.732824751624355,-18.366059406304064,-3.0720485155413173,-5.348674465476731,22.780925825564676,15.227930376315243,5.326647355728425,9.467693923397638,10.004183478705052,7.353013887832532,4.583041626729554,5.094551672752989,5.897832349573317,6.670070705524431,6.033388662500623,4.7552619451034985,7.448031500975463,-0.39964519950552607,-0.21941951083099856,-0.06070324783587116,0.25380884702470796,0.21917780627565528,-0.003793710126406095,-0.0017611298668428292,0.05826552487395267,0.024498393760568657,0.02547027703186347,-0.03414478837828624,-0.043386494318299273,-0.02260023934829888,1.5439528692967395,1.0132958963480088,0.796765250998293,1.0224956643778778,0.8947560984720048,0.8045275759762788,0.6717914359700847,0.7957982776450502,0.7332229418063605,0.8538379258367467,1.0123443793179303,0.7091894487379181,1.3397923794000584,0.0697656448432503,-0.011018779761528737,-0.02070737290871617,-0.0687427381114649,0.02790981667032925,0.016819250795783267,-0.0075307641158428,-0.0076343107452604584,0.011505489891185142,-0.020469877553060307,0.014514751650741895,-0.004239147163669842,0.01328051777665768,1.007774147841359,0.6304518584122862,0.5632062765543085,0.6815331803340615,0.6066596717843893,0.604706503408792,0.42357249585262213,0.5480284212158398,0.5595505722794721,0.5805497945689154,0.5559511985673887,0.5083247331363708,0.560144707005461,0.4875703810952765,0.2975316059080033,0.5882918287275566,0.34994898788791934,0.49333559783293435,0.23998096197887386,0.22375778974359783,0.42815796830738106,0.29649825717026457,0.326507885546573,0.20442954778784805,0.4386265931929818,0.17775812879339106,0.14659402177326583,0.2892395373190179,0.16600718843481047,0.21684236082879482,0.14842758910840823,0.121947763061215,0.16584236652221948,0.15757154090761205,0.23792372288091848,0.1190284165583486,0.18378678934032444,18.369263007278786,17.883417765906806,22.49369533403519,23.261744928890625,20.73831213897674,21.5013764648449,47.611974722047314,3.985960387522642,3.2047617181712464,3.9798943273144283,3.914920284356868,1.954442407248118,1.532002441650177,4.096789332756474,1769.2634639860426,387.69339349810207,3321.662733289931,867.9016935734498,0.10673014322916667,0.03834155611571179
42,Hiroshi Yoshimura - GREEN.mp3, ,104.58984375,-446.62388606130344,140.24161885108478,26.487204007344484,19.765115454609013,-4.984343426187098,-7.892352453122537,-9.01231774042165,-5.407302336284407,-8.75160257352723,-6.287645295354319,-8.697854825330001,-6.061503543897911,-8.85652400051922,58.19680908608897,27.054177155112786,20.469031704288163,8.596645038585141,10.743303241287862,10.55051487425313,9.152904676726706,7.3654899928283655,6.461958655275661,6.871789371312033,7.986656658500046,7.985305388156795,9.626469663861995,-1.2463698703968138,-0.5637384743255817,0.05998028580812207,-0.023619775947062643,0.10244467877351714,0.0959887795271007,0.06001109234452604,0.056023248811403324,0.07871654937345604,0.088260171749605,0.06428577586143265,0.02857980778711031,-0.02673669483884163,6.178646277685498,2.3042273718778046,2.3169074655105355,1.06736710688113,1.1552779503117934,1.2457915423471035,1.0134843470586206,0.9819908060623622,0.8702480467734798,0.933856861585611,1.0874402991021237,1.010984521074269,1.0950531086002304,0.22900771097363445,-0.08255906531714438,-0.11455571290714965,-0.003788399317497273,0.04818186576745507,0.02243429801689481,0.03212990307027796,0.013688039137366699,2.468870787444446e-05,0.010463760493116247,0.03530506371361646,0.012749431490967114,0.03168235619505364,3.8457681831841892,1.7000947940956639,1.6723090114196177,0.8319371874072158,0.7782882886162596,0.6675653786521868,0.627692446291142,0.5889686426988257,0.6082129206721826,0.6416417394656685,0.7010833896112203,0.6587151795202051,0.6418626694304835,0.21881847018821532,0.30707151790431203,0.16760351870893098,0.2870473879138669,0.6037586431003198,0.2907739309126937,0.38873538023004967,0.19536895216816327,0.3164089907299911,0.3464179301108406,0.22290567372333445,0.336545374104322,0.15630341850600893,0.3681850871154589,0.1672776333502599,0.1885331762152135,0.35884336546353773,0.1832663495819267,0.35926547250527613,0.15028977560435494,0.2373059459631854,0.35497223083216384,0.15883232449764098,0.27961116180803347,15.98254764104154,20.493424806235314,23.410033317880462,22.521789306078972,17.19721581082731,15.515122968619117,45.81229176470816,4.229377995809487,4.786702131892153,5.203438828560068,4.915662784421312,3.4041098055340644,2.352883489851625,4.159705374721146,1571.3385761629513,580.63923809483,2737.773980034722,1176.5529848135927,0.09333405671296297,0.053291584070176055
43,Hiroshi Yoshimura - SLEEP.mp3, ,122.021484375,-490.1853121533806,117.11444583351228,25.191224292104625,12.300527945804744,4.018280908971289,0.7018543452622347,-7.8735598342286215,-8.254912307646908,-13.042716832716524,-9.283735310221896,-6.5762946687086865,2.9688000807331663,4.3508540651542535,35.81148267860869,26.45921732039295,19.739263951547624,9.883880441846918,7.590785418466029,7.55479204541317,7.101219690183934,6.015464763511581,5.636263430490494,6.235638356570507,5.9672359505214745,5.8385468720594025,6.783461316587381,-0.24093673522167344,-0.08534898054584812,-0.1184055767953396,-0.021513693470847046,0.10376585503453732,0.025455549604368664,0.0014697478208638797,-0.0012813813290573073,0.007371255094587891,0.07331800244620679,0.09651688802239979,-0.007382000516686895,-0.08439343635288905,2.9537911142427586,2.216709571996087,1.7642990010138606,1.1953077889165884,0.7320493038363954,0.753414721846719,0.7258218853064494,0.701280545810572,0.5632096910506861,0.5714339770157371,0.6940614960254189,0.7508244419656039,0.7545606012266565,0.18484092432355945,0.04304913314272086,-0.0036407415252063917,-0.015257457040543494,-0.011352694935429794,0.012862691596828768,0.022982083895548396,0.01064920637477764,0.009575036960063977,0.014118677512153316,0.03570561731882022,0.009170319118614616,-0.004227172894051935,1.4743364748430519,0.9682871544666352,0.8090794461275951,0.5993566715070747,0.5056844685381454,0.45776810962833786,0.4810820479531292,0.5096199269675582,0.444054537118118,0.44626279528746565,0.47497920167873914,0.4731120575771459,0.4038569336793521,0.24030536030115265,0.22433755782591938,0.41416795348193797,0.2710090184207527,0.311535104078005,0.3194166082359942,0.30189799020400293,0.5348712639119365,0.3466127805538606,0.4294260801907737,0.16411796119642916,0.1434065108244312,0.3109343871263009,0.1323092525662904,0.23818960687558324,0.17597250469083614,0.32423104926297946,0.3256612668175988,0.2042880659474888,0.24615300063427126,0.19890740717328156,0.2746100720134877,0.13364891721429448,0.15447646465652734,22.43967819493213,23.15095254852881,26.692942390921786,22.403090236599883,19.196657886845816,14.846612135954658,45.143556620782626,6.382459838517431,4.995340836244998,5.619125328777315,4.680796258454201,3.723161853455172,2.571041746141476,3.7290306385625507,1542.0251447206228,575.5229282598387,2832.546657986111,1136.1397608474456,0.08046995563271604,0.0490407699292558
44,Hiroshi Yoshimura - View from My Window.mp3, ,129.19921875,-436.53714139961903,146.40425750355664,62.05279549110083,25.448500961249255,13.712513405415748,10.026652471081894,2.54397483335601,1.0710284608749696,-1.5600002779636857,-3.3229640852889903,-9.335329163359638,-13.029235005746651,-13.926578106243669,39.20966963373834,31.093482547004697,13.190556875744988,11.014212183664753,8.844634360539143,7.967463246281802,7.345559079930966,7.404536414280304,7.80271217112725,6.622641849468946,7.043643013417405,10.948623176670964,12.27715650241015,-0.8167973074467024,-0.5354788773290721,-0.06699227039374549,-0.0032152931813515667,0.006204794086285948,-0.0441353175333517,-0.02522989213689413,0.0364150728701246,0.06427800529535838,0.052967963090603365,0.025038505055694438,-0.03905019006062368,-0.06933964194548835,3.0045157038647496,2.2751385391255634,1.1536684148628311,1.206929302655684,1.044040561676109,0.7919705370131442,0.7756334768433523,0.7269894869138241,0.8593265950749468,0.8418066278797035,0.866465557720522,0.8748547259407445,0.888060001572041,0.24431127025515853,0.06886800996280838,-0.13680884523143313,-0.06301482705281541,-0.04118653379788875,-0.035235199457581336,0.0014037858107505223,0.03416905790009755,0.030825208118012936,0.038612401098541825,0.03262405023395578,-0.00426036295934471,-0.03674492816351653,1.4388192546986815,0.9527281597836711,0.6853017714936288,0.6540047943994598,0.6584939402923512,0.5456974743362697,0.4251042086236601,0.4477397212091896,0.5161422385047691,0.4662745468896676,0.47530749267734906,0.4570930191103568,0.48882372354244596,0.13463706527720745,0.17099697181976894,0.39038594576135277,0.22498016625683737,0.19732335513923138,0.14284786939682773,0.244272910005321,0.5580603746915765,0.2518947569762621,0.2869176252972892,0.14305807987940722,0.22605464390078764,0.17658866752044608,0.13809176313968197,0.22051543119463313,0.1343097915734401,0.27337459736048614,0.17284855377808964,0.21730403531470363,0.3812888838133605,0.17695086231127702,0.3225304385562508,0.14141447947795824,0.30139275480082267,23.567927622929748,22.688824686631335,26.426777311521345,25.572299549969014,18.517376906416416,14.074196145232477,44.86099660597592,5.447312805801441,5.177103619450739,4.646640404996902,5.733439350530179,3.1766750699870077,1.5183551056862543,3.883154090081725,933.6694238198892,490.6849919072494,1651.211208767361,1154.2711997676554,0.04930736400462963,0.031036512421417205
45,HR - TREN.mp3, ,129.19921875,9.561783524207128,65.18213554756876,-7.278295310398126,27.528314165679024,12.43742113047061,10.40895693126008,-1.8477492615304614,7.295426847482169,0.7144614323329779,7.156187073615047,0.9012753783759696,4.6313482086277675,1.7028986145339813,87.96472914603861,19.507473186239967,17.989619056322855,15.381167325380323,10.82785088117123,8.032328323670425,8.310303148197592,7.650054973249635,8.614649222268985,6.399900069241011,4.951709117826453,5.29898800313229,5.736897520757265,-1.2009329122928099,0.18408530149723826,-0.15608399337226594,-0.19571875464325672,-0.041291650997282194,-0.023641162873159538,0.038259172673950854,-0.006540744508903892,0.028270457336610114,-0.02151504947094644,-0.0015408546544530947,-0.03283295367433356,-0.0357739681695634,9.115059950841383,2.5396551900621,2.2503725725322847,1.6730815035564508,1.2077539533349848,0.8860149781506484,0.8581061804412382,0.8281131219506402,0.9904614681174081,0.7767396922215098,0.6032970997872816,0.6415491609137712,0.6120171250810444,-0.3682468735906123,0.0966806560754776,0.026254675150949532,-0.01974464968234203,-0.005749739481590364,0.021833069654135607,0.025543169984392777,0.017414046390996068,0.012674787559296454,0.018206830925515127,0.022110070603149425,0.025865537078215997,-0.005254706814647997,5.458316459084435,1.6127291386401905,1.435844894123565,1.2667844104094996,0.8863652852504843,0.7568518228163224,0.727619217440659,0.6221818063925496,0.7448639113160284,0.5239497316786528,0.43168237125190645,0.47173767978699677,0.4570822190700112,0.49528725725817097,0.4875060027626194,0.5323917186462584,0.69283693568942,0.6513173008038674,0.5705108625791323,0.5709950316605377,0.6420805684210342,0.5882118223809902,0.6009607259644034,0.7052406046861482,0.5811091226146177,0.22417971024733352,0.19794828442700818,0.19210161047854124,0.2290235397543717,0.25815350943071563,0.29262379012296863,0.2654799388498621,0.21088434420255828,0.24864775084929044,0.2458197237768308,0.20453157735698868,0.2327967560354924,18.723995587342237,12.134290175892238,15.581615487609428,14.635312233522555,15.556353040358069,15.4934355860046,46.125715558610494,4.479018168995878,3.70199528976028,3.6624187957256784,2.615163484455191,2.137743119485743,1.6502305715058974,3.460246677553476,2752.6846633540354,718.0877294654825,5925.319417317708,1217.4354293170445,0.11397750289351853,0.08503874725377918
46,IOWA - Маршрутка.mp3, ,107.666015625,-117.68113975447636,79.66854804459913,13.308716351235356,24.56909814808104,-4.614347827402346,9.54865109814722,1.5563486674685538,-1.3738039290463482,-1.293569397135281,2.3829495604207485,-6.742183924664135,-1.3626041282198311,-8.10069046965168,131.66081610216892,38.182160791189894,25.84454094909292,16.65295723415459,12.881766182697902,14.193033012746662,10.738145543774353,11.508798587496443,9.61248374540127,9.295871457958961,9.75651800727177,9.382200229428493,8.813636712061239,-1.804433061591821,-0.00022966791243280346,-0.14179751890378048,-0.18096878742482972,-0.08543505409105832,-0.017620626112653148,0.026567463239907847,-0.059023595795920696,-0.011149732319114982,-0.03931457489041933,0.03919103026985087,0.027871342699609714,-0.015500062096427068,11.92591530951718,5.557572213573888,4.346321095393139,2.161128574956194,1.9543595603967407,1.756565420548715,1.3600902340721046,1.4848833942234432,1.2419761460500534,1.2486477669868228,1.2353791642856944,1.2385478289555725,1.0399150499043281,-0.11591548149267004,0.06335577542640637,-0.0408711629362064,-0.09732612300905641,-0.029511727017557454,-0.06883360646711087,0.0015388248448064666,-0.05874216539446081,0.004794431450585605,-0.06433186065170261,-0.003149260526787444,-0.017848699413998814,-0.03500516058565951,7.177228256965147,4.125505078229465,3.321234935205164,1.7339360852466996,1.5157549272462159,1.8166170144250235,1.3351176656390802,1.4789266439369542,1.2348522256298569,1.2086034080265173,1.27581061090438,1.209957639404074,1.0612815875840782,0.3150914028063445,0.4570665231019828,0.3235923929692765,0.36482070666093974,0.42400117808008675,0.24711798598061394,0.26954328591841376,0.3297775131671828,0.4464846332611396,0.3448820089212443,0.2551014509552732,0.27362215941998946,0.24462052428875736,0.3435694156623807,0.24476711663632122,0.3098541000792632,0.3556228815724856,0.2524180613539676,0.29844963971898997,0.31040537412272157,0.3532982433067855,0.3192439413074445,0.2609939211865062,0.2685469369847269,23.988830372232766,17.96825705308889,21.02113447716039,20.52642813418769,19.221301515289927,18.546603176767878,47.82786231214445,6.657879245527301,6.050909571830171,5.628519792203999,6.331606289796031,4.5130258645935335,4.016868051934117,4.89100102845489,2305.454209979016,1007.5471679143575,4937.749565972223,2092.251259896489,0.08565116222993828,0.04915312373696943
47,"Johannes_Brahms,_Budapest_Symphony_Orchestra,_Istvan_Bogar_21.mp3", ,132.7880859375,-219.65199855080357,147.99393799864217,-24.492290326842554,20.987709818430886,-5.386431294918796,1.4831564439299665,-5.196722233093079,-4.54414436083149,-4.162158400717157,0.8531391128989649,-6.296276402326279,-2.191983378319829,-3.511253888822264,94.77206015513183,24.679126557273122,17.120218354195114,8.272691199532868,8.35658175057184,8.004942848967582,6.381896220388419,6.797806136056501,7.525917535873361,7.139278886321069,6.235951161756385,6.874886474448136,7.60598177398688,-1.9655941203667748,-0.32617936828382094,0.29250422633758943,0.024685924882816585,0.1331952229015713,0.016592310227016793,0.060609163414797586,0.06164954686796086,0.03745094311702422,-0.012778548569415618,0.03529917510559805,0.06627151937788801,0.08879434658835332,11.647933961957657,4.166286274766641,2.466632967732528,1.3661342779685837,1.0966536727777598,1.2320551057459035,0.9270867250557426,0.9268118106394646,1.014796210069918,1.130602786799392,1.0042916789176612,1.1683634194791486,1.1818089709341904,0.04777106083785815,-0.04791520598177786,-0.10286598690615874,-0.017527275899839073,-0.03868383908627072,-0.014996694511572978,-0.016744241649126867,-0.011546753579750657,-0.002458160752818609,-0.011585446258569942,-0.012879854882348695,-0.029336333570909905,0.018762476942670834,5.603292234702512,2.518345661380764,1.4752199827727661,0.8890459142586096,0.7415018039561477,0.6739762789250804,0.6413037438112248,0.6394543959777477,0.7094055545022391,0.6750246715864341,0.6594659170863378,0.6716808337031154,0.7080621863248794,0.20365441955207778,0.23341571343530912,0.5615834181346459,0.3473965484005066,0.19157549789474335,0.211275398244012,0.3418997654520308,0.5554883752555736,0.294372127766514,0.35933007025677294,0.3408726773247767,0.2738730709189204,0.22909290747098074,0.14315986385103244,0.3141477614556467,0.21185743635744003,0.1534056283939108,0.19575850619485294,0.25022790895398367,0.36619387851425306,0.19011543962275815,0.27808474120119503,0.23249454937869682,0.1931263190436967,20.2958386422502,15.305114924881606,18.60204473734996,20.360368326548585,21.222331597870248,21.82636390609314,51.153187880804175,4.904196753870944,4.0091125991514325,4.108271891839734,3.4573693046789433,2.800677303848388,2.5022437386267673,4.811014352423164,1345.970444994485,303.74901790116945,2537.561713324653,723.4621198036657,0.07155279465663579,0.020878673605329537
48,juno - hatred.mp3, ,125.6103515625,-77.80981951188527,140.63388782077365,-27.716961811538095,10.251596757751189,-16.34426253684509,1.421573704407539,-3.8124237939899355,5.3097877351590155,0.008189663658907312,3.5155906806711426,-6.230564707729183,4.515739738757229,2.6506221708554176,74.58545693726442,23.722923720718658,12.06571425170862,13.742698147081605,10.703441452915428,10.10807041937196,10.415243042204295,8.502615513569543,7.43213645591116,7.939344694952548,11.284842838687139,9.976039264273437,6.548832714642377,-1.138252964105319,-0.11926091501897453,-0.029515163183038384,-0.0499352938035664,-0.03896660866204326,-0.010551467799455108,-0.05110365366290128,-0.06967349275860384,-0.031106558286679773,-0.06747280669191645,-0.1313954021057321,-0.09254399404564966,-0.06676739843991257,5.027160665488451,2.6094115826067124,1.3064688700818399,1.229123588401268,1.131154565413249,1.0666253542094684,1.1020605253579872,0.9414766597669594,0.8277223769472831,0.8415319567914793,1.0529975995648042,0.9301609945936237,0.6533473467840959,-0.03348463944901056,-0.03686800691655572,-0.021310022885980873,-0.0068894777932767695,-0.0007417074269782196,-0.018134642925607847,-0.020664836380653726,0.00218838854961638,-0.0025558653991830395,-0.007178816429474449,0.006232993828885854,0.005325215423111746,-0.010752091747291824,3.576971846789602,2.2327021108533684,0.8856286142412086,0.7924361665011278,0.6665062733543156,0.7508436625113579,0.6379859116208622,0.6275332988112475,0.5583999857317028,0.502070239187475,0.570663289228209,0.5242550963534099,0.4885247914861664,0.5992292857963885,0.6237039401010541,0.36238933313080324,0.24103528226799056,0.24309180809431394,0.37996511786179415,0.2721899819708024,0.36772001944022414,0.4019350431583546,0.3759750208262653,0.33441737454088494,0.30467241288940305,0.3093724111767118,0.33179524844615355,0.2418288896959214,0.2058531642831515,0.22086900063039336,0.3313380198943351,0.21227440490324215,0.22877719977150782,0.22501876381155128,0.24255746983077045,0.26804113162947657,0.20262804437523482,16.104443938796148,13.333611285285626,18.64884045113109,19.1487286043176,16.81134688925333,17.24032938611685,48.620423308124,4.767654669814832,3.8608948252164788,4.6882193700482695,4.0050651604037,2.9872628331877062,1.7783289667015005,4.007044503111814,1504.7463545027376,362.74475270435806,3034.686279296875,856.6256511236469,0.05019651813271605,0.022757839713686324
49,juno - maniac.mp3, ,107.666015625,-98.18414167084812,75.99590484255258,20.814446754569623,4.640788234908271,-3.492065883069127,6.151506823935995,-1.9217521632435144,4.082534563486223,-1.806582924455726,7.4577183357359464,5.199485772415812,8.348444397480767,0.7317776037265121,127.88084300050821,33.884552574214105,17.335290259450517,16.294599751356895,14.769271257200238,15.065188144793902,15.790224401922023,11.397521086675113,9.182340762243385,8.734773421049352,8.318277566605088,7.454551548801433,6.630131719899374,-0.6383074543634315,-0.1470665710307744,-0.02093356703501482,0.08815198112602553,0.08020888225399647,0.13915830336649107,0.12720346404814425,0.02682494693493218,-0.03537235599166403,-0.07027878052408428,-0.057896260661863506,0.012766441795772859,0.06602027441265729,10.355587777866473,3.999591291034245,2.1145542871778504,1.9574289731944432,1.6323044143746854,1.3773497897219322,1.3665868020973446,1.3861726389223816,1.232318757570334,1.0625480671159664,1.1022534524720289,0.8301013646451395,0.8046928463342398,-0.3108833679946622,0.060802945981081,-0.08406448666219035,-0.034568527287280444,-0.01581703197465416,-0.024112004251767277,-0.018406109147443565,-0.03773988555199869,0.0011408580357516417,0.001876928320407499,0.017397010093123683,-0.010953425962792676,-0.020728142339201578,7.2149323941539265,2.9043670134453254,1.2428949462059633,1.2221509034646865,1.053512602091425,1.0200856426384974,1.0833394653081212,1.0519055848666734,0.8106009400968679,0.7465905339984141,0.6816262394063735,0.6103731675652179,0.6211917983732024,0.48004608342343547,0.6514222086579712,0.5629736566643034,0.36457597008506754,0.38852852195967347,0.4595300353945659,0.5935047201432839,0.41818542564632716,0.26975820110579035,0.2819779886304326,0.327473908323431,0.3519540571796375,0.3244506344819261,0.32219784060357576,0.2983724755445349,0.2662323032641646,0.30820753231146186,0.31630300989624216,0.3047741718114009,0.260871122000616,0.24302398615023998,0.2543026993080978,0.2848182971171358,0.2743206392283144,17.48819612356903,13.15442839147237,16.585547012240188,16.67065985147511,15.167077986225296,14.188136341728319,45.728726660736186,5.814379702103143,4.466302483517066,4.61860704398945,3.428008160897104,2.9722858033930097,1.8529651166112637,4.743207403205918,2314.7042915091333,934.5707148524585,5133.11021592882,2335.182982044429,0.07277651186342593,0.03714997976562853
50,Kai Angel - Angel May Cry.mp3, ,161.4990234375,-59.1682395307738,48.61995930141873,17.877199882618438,20.840567509793203,9.750806222819252,8.124192647681928,1.407394970640724,6.528106133786984,-0.4472028378995112,10.219124201869155,1.2916649697624425,3.344411617903798,1.9380878562820547,112.14489346827793,22.200758225834804,17.539253690008767,16.095216798290537,11.273321939745761,10.154195209326813,9.462134903221873,10.389356319392432,9.223677888623742,9.106270450564393,6.7654429673627225,7.001348434740993,6.133194387675503,-1.0996611295152963,-0.2111192634990324,-0.2505611023178646,-0.16083523421835752,-0.08857697614214964,-0.13978213057163413,-0.15896358645095685,-0.1177383122838499,-0.007016030788410132,-0.014837515100629792,-0.0697637283111014,-0.04008091279351509,0.017414060086414312,15.014092971486656,3.0542531728343967,2.5182414447335906,2.4587252354458293,1.8732819704608588,1.7612861304392204,1.481261474698292,1.5839168743633578,1.5856248623795584,1.332069974263917,1.0319232475702227,1.0648294857033205,0.8143297361688614,0.2742202068092646,0.003843452318831648,0.08110727223763128,-0.010676454296364324,-0.029369223805397377,-0.006311950190452696,-0.014203714022400678,-0.037562843862641464,-0.03001105736647905,-0.04908620092779237,-0.021595860542557032,0.021538325203122727,-0.016302347932022388,7.314040817439579,2.245168947404205,2.007210469871378,1.657810842697456,1.273625003300648,1.2956283629322174,1.0641062354866027,1.1544431874090137,1.180170230067871,0.8959326019963288,0.7660501676260622,0.8503469429545992,0.7043884144089665,0.3591960446613001,0.49697187993845066,0.37339281801559765,0.3576857795835369,0.4404788777465001,0.40858273704271814,0.42171956870969335,0.41201564037804433,0.5511312014940711,0.5968241066568427,0.474772956223733,0.44420024076833126,0.20765937439959656,0.3244574926589497,0.25910595892349025,0.25165600363207635,0.3044495165663558,0.2568650587289156,0.28146074024097634,0.2545503622676361,0.30602495711769934,0.3147143847161636,0.25735236375425546,0.3096665910325925,18.9379214303676,15.730730655757808,18.893900391039605,17.772089863512548,16.47580092382331,16.150981498156703,45.871945658912885,5.277416139651023,4.101665710631096,5.29542053424289,3.720530512073228,2.9910584168751737,2.3498870373174667,4.192470189112904,3379.8279164528853,708.1748827752745,7444.5068359375,812.1444403474957,0.1392144097222222,0.1188563800216571
51,"Kai Angel, 9mice- TRIVIAL.mp3", ,107.666015625,-60.71077498269302,100.32529829755242,42.37469224834148,17.98311117199468,14.824838386089711,11.69787114555085,8.01763661045949,7.068595619113357,-2.0483439158142347,13.760690626446847,1.4617659783933634,8.666242692757535,3.806333031131667,49.90723549543308,30.810706053367337,16.684305420297257,9.764095369512807,8.370581746354127,9.085689675700214,6.647932434072243,6.177910728256951,6.598545335458702,6.623330151649692,8.092121660713472,6.795747175548311,6.996742721674355,0.2851863878227218,-0.32763976539682055,0.03265645935913019,0.09487828029101186,-0.039979958701246404,0.05067859685197932,-3.930608121055039e-06,-0.09210879273783058,0.07390029791938026,0.048391713566385906,0.060218002746330095,0.03971575404787551,-0.007011702184284746,7.487574786356596,3.9104783388984696,2.667696454601115,1.4877423485196128,1.4394236945073338,1.3049393410336336,0.9695151351739634,0.9413671093330677,0.982955363902815,0.8535143692144848,1.0272568731761067,0.8548998282235644,0.9678254418478175,-0.016932111785367687,0.059857643381146325,0.01643598170082924,-0.007447200999408384,-0.016092495287101667,-0.008856431110388379,-0.015978869516402483,-0.015012648905179013,0.03028845162896934,0.01887231188205381,0.01277054716505248,-0.026251308691837352,-0.0034333608015497895,4.818514096412193,3.1126844092392183,1.9637068737497072,1.0496796254308174,1.0420746793454214,0.9031662919689856,0.851960660138463,0.8572532351201186,0.7920117821268646,0.8002459948508179,0.7400218479193591,0.7389558805809681,0.8100908254916841,0.49805183324640917,0.502301666793632,0.5027597371580792,0.5585449659208089,0.6668904295398129,0.727401357650021,0.7937707068099651,0.7260406655201942,0.7289678597891772,0.7157855012718543,0.7170887571518069,0.6349030619510162,0.2006366232518065,0.21750819622336512,0.1968834211075078,0.21225702150950634,0.24056206806873734,0.2712658456974609,0.2278371316358175,0.16480068266983428,0.17948713023685228,0.19639542451879466,0.17913282854457138,0.19921802693468438,22.765885622111984,13.439329644372286,17.90299218012648,16.746901909833728,16.58643461859204,16.518478745901977,45.48576048587261,4.358120683919928,3.2232828743610598,3.553705352427946,3.0478486373259237,2.545765614466676,2.3479186505499277,4.209645378376389,2098.7248088357915,898.3022246578957,5294.642469618056,2528.7994040386698,0.034639334972993825,0.02263291824944393
52,"Kai Angel, 9mice-LIPSTICK.mp3", ,114.84375,-46.473657165596514,104.4175775713391,9.071057915411613,34.638874665638546,10.13270652928838,21.666269292939962,7.340264067306747,14.621038003698175,8.01681863663741,4.470209923883279,2.6461282623356874,9.8363825791044,5.570477493521239,38.987474196258,29.263521755297713,19.29969239774236,14.242357033848707,11.988152205101585,10.565317174974792,8.571939737563369,8.458197653331412,8.087846312297751,7.489476450158335,8.578104827931762,7.325951418527282,6.88792951640508,0.4994833651516173,-0.257601059256064,0.23616720787766907,-0.09512168210701166,0.167757612572592,0.03744752187031051,0.10279654679371886,0.06133878524530173,0.030836587642602636,0.09353338591869415,-0.0018413536396155302,-0.008640057194610064,-0.029909569800279482,5.048953075384781,4.155941699352731,2.832073220265908,1.8905123564412396,1.6861685551313057,1.3636363756707912,1.1349412319725176,1.3270846830540726,1.202448439005615,1.322662262388136,1.4313720168938568,1.307527960242428,1.1166677967063556,-0.009715334492172175,-0.13847309962075985,0.1440219402336228,-0.05008262393271758,0.051515753789126505,0.0471853281940437,0.02501236666338863,0.003940299200980974,0.03482285998962866,-0.0021768991235732726,0.03196839566262048,-0.027820332529149765,-0.013245362883834688,3.8212821404500112,2.8662053416352253,2.094447993743467,1.3804742860822612,1.2919289693746523,1.0142268375188428,0.7898314058543144,0.8581891779103833,0.9763998425298769,1.020954414185412,0.8637901234594038,0.7332597977962586,0.8058390455881991,0.5950166388575769,0.5711223556384168,0.6604327035515949,0.5458597397621445,0.550594862290359,0.6705887383971088,0.5796027952161285,0.566180540842326,0.6679578101705115,0.7510818313393327,0.715588684009825,0.6470441571149378,0.2683966496925835,0.1392610183016687,0.2605258736973357,0.2671834109743451,0.22588459741829106,0.23052916454882577,0.18567106188614776,0.1798610217077586,0.18205985078215658,0.20097535377736017,0.21046495151173364,0.229900028042101,21.07646751972517,16.204797926457953,17.190024638402914,16.79141586547144,16.962512534997586,16.211158603633134,46.50932680132226,4.178729279497545,4.206080035310584,3.8134818104426373,3.0181488412855324,2.393206051817754,2.3437548918949944,4.077028442984691,1809.7265991684128,751.1214832632436,4372.702365451389,1785.759447950364,0.02386700665509259,0.03328738443328305
53,"Kai Angel, 9mice-N1CHEVO.mp3", ,161.4990234375,-22.61404736386037,65.08950306346388,19.500178030151645,32.25485464498217,19.87289076822775,15.639301689502632,5.6534413894017534,10.501384227916047,0.29231152562194573,8.059886922622903,3.2764942576579847,8.716689607335462,4.707642411054285,34.23203929399366,21.171654425657415,15.301373381627483,12.54003504444725,11.328432771732507,8.675213768745422,9.136393011297818,8.291077155279917,7.800379823929411,7.3134060828496095,7.234004203467453,6.925465290758222,7.184138914096295,-0.011600232126915614,-0.28813260377465205,0.02356264984557105,0.010816999574559798,0.05699605166008064,0.008637194644967323,-0.043728740561040653,-0.0345304797972656,0.011371128896343305,-0.016126089666849346,0.0003733393825291707,-0.025173455420709045,-0.004049318552539648,4.757629932772164,2.9835992440045764,2.176430959472839,1.9494939382454464,1.6740030552346188,1.2463702636635507,1.3359950222927177,1.3738750362047354,1.1878300995035758,1.09513850678172,1.067562186690554,1.1288685452505314,1.1632013590497148,-0.042901940161598005,0.08473379595670849,-0.0028326900971961436,-0.05663142296957013,-0.06390492756488837,-0.03746139793225598,-0.0014445139210165284,-0.0005835305610499206,-0.008972674425702862,0.025541669223457575,0.03585547284671554,-0.01367046064582228,-0.019926616217780076,3.2481744867266307,2.7013545621445734,1.4570626519707195,1.4166475461139767,1.0229922279449635,0.9214714892060476,0.9215770757320981,0.9917420983607851,0.9593651053557132,0.870634889425752,0.8215251252348361,0.8465071794737051,0.8480561030046876,0.47037369410656854,0.4493679296984165,0.5743949129361153,0.6190174215438741,0.7236035032151841,0.6919947162178564,0.6802402449610793,0.6635871160499476,0.6246178341443064,0.5686224001333302,0.5508553225225136,0.5904899887556647,0.21080943820559198,0.18397471815661806,0.22073077521396853,0.19870103224191304,0.2568678601289804,0.25287224873546144,0.22509372712352185,0.22204683199472194,0.21477326693177914,0.2415802979800734,0.21127867432332495,0.23282159598883867,23.228250498422256,15.135254989418506,17.43805427178162,16.23833731775839,16.50604195247384,15.611220292719514,45.10904039636316,5.446733681734439,3.933877239329776,4.05305479127646,3.0190536337300258,2.343419362353023,1.8988986551507006,3.9453001514983543,2724.911009881503,685.29986447764,6537.653266059027,1234.003279587627,0.04283311631944444,0.046527338624476104
54,"Kai Angel, 9mice-THRILLEЯ.mp3", ,150.732421875,-96.53538475847905,71.85757919557301,28.55973732471466,24.532108088610347,19.77871554133333,13.118379888527187,5.998701388453259,12.830843956934082,0.7933915966063921,15.94458682982274,3.377813634313183,8.928021136901261,4.5239110939480645,89.11229368199083,33.881558513427485,24.33713466657279,18.62534663709071,15.427553273411794,16.660530865273454,12.70271043032069,12.124128710613453,11.546934882723825,10.83483612180809,11.157545730025788,9.654420931382637,8.591770711635037,-0.5566531431338072,-0.12668492359879577,-0.21940144599863776,-0.03644423756782931,-0.0762357142826479,-0.1989420934603262,-0.13762517200127522,-0.11767176018645527,-0.1374245714094421,-0.10530193763810934,-0.07287979603135658,0.010754645623864578,-0.07453945255982057,10.160822569151032,4.772652705571507,3.618644484044427,2.7096067029771316,2.5259054502000393,2.7215124461202227,2.077939254747686,1.878800581109015,1.575581500695075,1.5988790436113762,1.8404281488683416,1.7218759169451416,1.261038222316424,-0.05017979330969629,0.07796733868509577,0.027480147398122937,0.08875505830027253,0.14401177184432234,0.04449279912219981,0.011852226567161442,-0.02478852910316624,-0.02298782856526228,-0.014291427885814579,-0.058859601139700346,0.018749258533784154,-0.04808952050415776,5.981459091504287,3.470204195957525,2.727338174826553,1.9990291955388269,1.700398980726631,1.7273501201708417,1.272037350263622,1.1227921773150122,1.0496883189782273,1.0917332035030871,1.0596673276443156,1.0047859868792173,0.774983847564889,0.4477386067407263,0.4815588764685355,0.44350813570673814,0.5506421634582458,0.6313470290444884,0.7310536258026129,0.6807925773433835,0.6466141019740866,0.6531201654464512,0.6105798137917494,0.5517135638359899,0.39072378412935377,0.2505135785590227,0.2325997146794301,0.1871224362025462,0.235134555734996,0.2400447888567879,0.2738971464335667,0.26872414795265454,0.2586915245186796,0.27679988637916453,0.2516115083172522,0.24390608865049399,0.17275448007896266,26.981276636834707,16.1882098765653,18.92916778293267,17.174244725393496,18.059035856198843,17.33527935155509,47.670377749178776,5.784459701989534,4.45418274863587,4.583755138919243,3.4987812257267255,3.417902314556264,2.4300793841609063,4.445287489754217,2160.5417871780974,1044.456032617617,5281.6162109375,2119.4700368974386,0.048193660783179014,0.06013769682585152
55,Kai Angel-FRIDAY 13.mp3, ,143.5546875,-58.296542203168805,53.001876446567934,-0.3591249582622158,9.876450891847965,1.5913600299829318,-5.99926370382309,-5.661085105765565,-0.5671886780563696,-11.911029867184014,-0.9389860870569576,-7.8318313007921345,3.2819410832253872,-4.826875970733386,33.243079010807655,16.618053212027863,17.09987075708337,15.02449967065157,12.60630335097523,13.163490623183373,10.2829397069587,10.949396299309393,10.498540945258908,10.314599189108817,9.98687728361322,9.402662778074232,8.590255337263365,0.09052811819991032,-0.06661724643695548,-0.25790200713895445,-0.12003494384928526,-0.03520269095351528,-0.021389418103398745,-0.05750299427215653,0.037406010581985304,-0.021634676480769294,-0.06262734323019775,-0.034809740715125506,-0.06785623682842498,-0.0250019386517068,4.289092422798203,2.4847809446823392,2.531156423687881,2.3837444135933437,2.003097336562641,1.8399807564653932,1.5572004281831058,1.4555176476704272,1.6363785406616824,1.6117031301666473,1.2908700085023606,1.4498051368985563,1.3605099661560105,0.32941101167787923,0.193771150749932,0.05361844909112947,0.03161457178102415,0.022901348388799824,0.04717069845876576,-0.013190278271788064,0.05562126927399708,0.07974241881481843,0.017191430842676377,0.038494540513640436,0.001893493191649516,0.010801271856316928,3.4176483231088697,1.8788408022261993,1.6791444448023096,1.668172263529433,1.3081007364580197,1.4962984855165689,1.1614381717212148,1.0654576398565077,1.1259279774208355,1.01095757365662,0.9180664916151708,1.0391265024682077,1.0532413104341494,0.5694789497503713,0.35524908700429,0.4593590814296881,0.30567986385057466,0.36865250595822285,0.3844332084919177,0.33443221088245884,0.4311621880164531,0.3822402068051613,0.5423006245688202,0.38382310399578673,0.43330021679723335,0.3429368176355716,0.20724818369653297,0.315737395809518,0.1815011402735983,0.2470679930586415,0.2592084578487806,0.22081342662602954,0.30530433344113145,0.20874623198020772,0.3169351415887281,0.24674996541312436,0.27720293791075784,19.982241049953686,15.309233145274638,18.82309962081325,17.149013276514008,17.118113958836947,16.309747065566125,47.65503509739216,5.909934872156003,4.135391975636952,4.031836169462452,3.133594410627662,2.466983539183261,1.9306640204058862,3.588504427746534,3398.231824397629,539.8485413653742,7445.271131727431,724.3141498259074,0.16457489390432098,0.06193313367922743
56,Kai Angel-MARILYN MANSON.mp3, ,161.4990234375,-28.284873501202203,68.3904421393886,-0.9510936932523304,27.03068013581229,19.283565855872485,13.010185655804328,3.5630392538567563,12.723881976265046,2.99296742990429,7.794494873855585,2.2569611950972934,4.744740410903353,1.5081764078687554,69.7082923496247,26.9079017544223,24.936156708515437,16.877130343310228,15.186143590121036,15.246189741439304,10.788868523237547,10.531130065241621,7.648800578725337,7.553040660324188,6.75731052735664,5.931264667412189,6.69793197312699,-0.9760067412158314,0.1359243834934508,0.012732170760792519,-0.0794235383660567,0.1709618132840267,-0.21335731161022445,-0.09739197851561103,-0.019283294007986965,-0.07110473383677963,-0.025802878652523953,-0.044713431076048936,-0.008314370861446575,0.009823883738135919,8.113370428863787,4.035545203872856,3.617400292528766,2.844437584478964,2.2013290672115917,2.2206832081864083,1.5704902041795699,1.7569847774828167,1.1085415060197379,1.0197039752691446,1.01860241192156,0.8849370295838431,0.8881691969548875,-0.12207145971766338,-0.041885442681104675,-0.017867085800030453,0.0029288091593318508,-0.01676737081260522,0.0008784394098997674,0.015339251235953854,-0.016535476307143217,0.030692835128937997,-0.002547171977233647,-0.03758299248803257,-0.00825356870893616,0.022042527245098933,4.573479850436998,2.9798977495925367,2.139312303274306,1.7987770281451194,1.2005788780445605,1.2757021803600612,1.0063277232290293,1.2207218887174405,0.8722585126933938,0.7096529604197336,0.8581814298950162,0.7237312157034071,0.7733110145596559,0.7572428376448376,0.6725116220222396,0.6606143749445493,0.6935126854934626,0.7021906969861851,0.7088719736784697,0.5901828851596809,0.6546705220653503,0.5800463493430504,0.5385310060034195,0.6102953410511951,0.6537392879433838,0.23952540089791574,0.21368476895273206,0.2188839663150717,0.2244488544428481,0.23133223255527158,0.23807680761960218,0.19914518013382043,0.22917570866426232,0.21680342271725458,0.19106320553460188,0.2194118635376288,0.23756566094547182,23.781759703426857,12.929202988504885,16.186368484067646,16.0687774080973,17.140166147162375,17.14742152974662,47.34837693641992,5.55659079340943,3.8039444961095366,3.6185626948323013,2.9197790381240476,2.642285175306993,2.496409519098816,4.163593761148721,2683.615361527454,799.3794616707238,6046.609836154515,1690.5285748953918,0.07954312548225308,0.06599869223892506
57,Kai Angel-PARIS 2008.mp3, ,125.6103515625,-59.69787853595191,56.19286806863031,29.19288428412911,16.411348613611434,13.046762909142323,3.9817454181151617,1.7427901943892612,6.399221381655447,-1.0164487861372802,6.8639630881356615,-0.9645739227912767,2.890226667798642,4.074411734294745,48.645265905926074,31.325515274857086,20.176187410975114,17.347597174358253,13.900227344638708,10.453947500121776,11.2816818148999,10.88867490166326,9.716917757098933,8.295209654887111,8.4992928394394,7.409295828776512,7.568333890625834,-0.05078503646439427,-0.02397556915120393,-0.21655938655632423,-0.41029289035079136,-0.16217472985887002,0.003903255516226277,-0.08791092417294873,-0.2869682566314522,-0.050792951280550086,-0.08094530476452667,-0.20408506947389896,-0.14183218042038517,-0.05024925795280272,5.517131270312091,4.492766993345172,2.3588286929577884,2.2566069731759786,1.4772532395768734,1.241590568170157,1.264037786279838,1.4803352485964283,1.1767086631674821,1.0671206533459603,1.2123988485745734,0.8668337086423703,0.8363102612091079,-0.16982705249554578,0.05777568557518132,0.03201937470240174,-0.10824935840023107,-0.00414090996240208,-0.03755042593628686,-0.002617663696675529,0.0275815570379182,-0.04057822708201445,0.045030751538658396,0.027071878436182473,-0.04026520980398435,-0.0398836603163983,5.558444886194842,3.749803290865699,2.2095969492446526,1.8985801325409326,1.3164879492817063,1.0244289335963102,1.0309683059909691,1.1521841731826212,1.0372089206164834,0.9783890491941861,0.9815669839832358,0.7607237723662168,0.7855063425131892,0.4062768935037628,0.39110605957785644,0.539270950274335,0.7157427828735958,0.5130102888876457,0.46612938954264943,0.4006144632384135,0.4514042202909305,0.35073342104154975,0.349658269966941,0.39889489421850916,0.3659824535860048,0.29064947711869643,0.2700438490581813,0.30666175679510504,0.2960513652544246,0.2659265100347555,0.32373693870621073,0.2565958540134759,0.3039859070802101,0.2643657726639481,0.2674080700989007,0.267448757106779,0.2622314111247002,19.748594304168485,16.926357943823202,19.084371656950037,17.7200930960806,18.130221372306977,16.68877948012302,45.610870307846206,5.291317465550076,4.9549545255898915,4.58564116157156,3.3486087482222993,3.020974579198746,2.490514073609667,3.8209274480527475,3095.3620897744204,991.0179526794105,7199.86572265625,1837.2110204243145,0.07473566502700617,0.058299396594293916
58,Kai Angel-PRADA PARTY.mp3, ,123.81591796875,-75.62782617253653,55.359598061690726,27.644821543936377,19.89092282279406,12.591857936003327,7.853008381654451,1.9103360451114029,9.472446751631336,-3.9258832543352504,6.900956001454666,-1.406316361815473,5.553116577183022,1.8634681060542295,68.85259081947329,34.100451530786096,24.39081812181863,20.851067927598194,12.6570002977116,14.614576274745467,13.237222938516616,11.243444474247676,11.35196248811753,8.831288082442002,9.041432385103667,9.712515737679894,8.036986788063423,0.045242659218701325,0.10118371269803633,-0.0690665654665618,-0.04557404723190872,-0.061487798386448876,0.026354057334915342,0.0363890984940722,0.0697805393015805,0.12288818151379625,0.029958582270522546,0.051150885003153235,0.005279122670249363,-0.010448057603315205,11.350757023479987,5.362918887996127,4.115334094019881,3.547976184327149,2.0466678248008674,2.509941185696959,2.371101828320969,1.9723118053757032,2.012240261977723,1.31310180188895,1.552841166168853,1.65236885172748,1.3205138066903406,0.4067994251439095,0.1708384048751337,0.042374245776438425,0.10279903903942737,0.10484996056155428,0.09966596086325562,0.11153047415068557,0.12178155612545433,0.07701102233733291,0.02619856110641756,0.09464810434498905,0.06352200558664921,0.0847036691704466,8.21556655258339,4.285165283344351,2.825034852769552,2.454980699821815,1.6177918482423008,1.6590774248770106,1.6770996992386475,1.5614878186405436,1.3957801107709296,0.9938614318470064,1.1003238018521289,1.0105253882722345,0.9491890912658913,0.6430696155013585,0.4225236624105615,0.38859817894595317,0.44194432259192346,0.5788206590517758,0.5862821255146561,0.5277126007368443,0.5920667902876934,0.5119769312053298,0.5312559440398567,0.511524415264527,0.4825228521439396,0.27963946518515814,0.1875345151664111,0.23438753180017793,0.2674051189201121,0.31232589606327554,0.34343444890608565,0.2845570022485208,0.23466304637419858,0.2526341119857112,0.29650139763100747,0.2782723084672197,0.2151091032357505,23.18354746969484,16.73434532168119,18.865228439250327,17.855381990900046,18.058169690742446,16.527473516626173,47.63434746091636,5.997257621106711,4.821765263917609,5.09519949315831,3.933719528063253,3.278235118670507,2.5130292129924956,3.8550273032180655,3092.938236342779,1128.282627783201,7046.341959635417,1530.80367224135,0.09617332175925926,0.10794555060662807
59,Kai Angel-Trinity.mp3, ,161.4990234375,-37.39600625321453,75.674695432922,7.853953403639205,13.192165820548931,3.971283794277244,8.050006397160482,1.5203702139357727,14.328928559558628,-3.235259192340352,10.105120765206253,-1.6340175838106206,1.9521419722356914,0.5319262997787676,73.99930836314958,42.32609668709063,29.817403138293752,21.019259385297516,17.128621230127102,14.844386723839412,14.147446683542368,11.746489594343258,12.161699599778055,10.670728220250703,8.521635314498967,8.005963244776376,8.57099310077398,0.011239158323057627,-0.5044385739284162,0.3946128703515839,0.17074582530300556,0.06652202194716127,0.10608818234996525,-0.0672735448525701,0.07538526577596195,0.14055670841516535,0.053042170953833394,0.03135627775487524,0.02197714331617326,0.07219033620523628,11.019124652204953,6.397112390444488,4.948177675514055,3.0137221093307933,2.6289210756795423,2.320192555297494,1.9175004554954527,1.3164595869679638,1.7847116907314489,1.551093147361114,1.351146674279372,1.1133880509782985,1.2317054793321773,-0.08604476778239105,-0.20446888595693,-0.06774760682400272,0.18258925552629393,0.06345971115220936,0.009157297575852064,-0.023010378413873923,0.041164442690601,-0.04957014971727471,-0.017725922377315854,-0.03427300645889323,0.021104133145360526,0.020176029344445758,7.490774760435524,4.676786922229077,3.2426392166915368,2.38809569025705,1.5764861791082236,1.5349395525371212,1.1761227334139182,0.9803589300415387,1.160799542482779,1.101790805048224,0.918949483255208,0.775805312863771,0.8952851160191558,0.6860379795831295,0.5406655403785408,0.47463188577661813,0.4511748398596674,0.445998011674318,0.5170336783645145,0.5273492312343376,0.6735378565025275,0.6223025298763618,0.5142905754008457,0.5031682079899366,0.5320475889415837,0.30510786520220406,0.25528553758759853,0.2226413397054877,0.20980698540158105,0.21265872753344128,0.2791424237222148,0.23645262827007488,0.26627572786541576,0.27000461214732074,0.24198637500979828,0.24181781201419553,0.24753014457237807,21.20851676676075,15.600947644504663,17.00645241225205,16.747015975753765,16.993703172175227,17.639230006916073,47.4716534947464,4.6205209253869866,4.130608417493906,3.972636262440981,3.3016775865130263,2.9248360343797017,2.484769873584702,4.645484347573661,2823.3225795497056,1127.633314975265,6016.004774305556,2160.981756522961,0.11017373167438271,0.07072419765152836
60,Ken Karson - Hardcore.mp3, ,143.5546875,-20.421869992473976,101.252186316031,26.961121718640683,27.08701732055641,16.020033238018737,20.071297269958404,10.222156045245535,17.888415407435396,7.476395104494359,12.752953120219855,7.19287822480647,11.982055954589152,7.7763029457426365,46.16258689209238,29.524768055746204,15.778398495465453,15.110116764747906,11.425079009815944,9.393445462996885,8.429666557551382,9.365320073249716,6.19945080676067,7.237572357900011,6.597585812316315,6.120447060855668,7.87786640337395,0.2185432177358939,-0.205929095034752,-0.03424960606225571,0.10122057018919423,0.09967512871869223,0.11382626987265942,-0.00967944544211122,-0.061639343094465865,0.045704235271608766,0.010300261445665433,-0.013393573823706874,-0.014230940015239205,-0.05005316704010051,5.709529005084913,3.224853628889411,2.1637574249528044,2.0497856987729337,1.5603380685115529,1.326149109574321,1.1585865312042525,1.3424077752384675,0.9046392813947014,1.0745473352581703,1.1044563461285588,0.9594474042808381,0.9550254265716617,0.33590890064743567,-0.1996127565087388,0.0020236574403688676,0.05876207998059085,-0.002897451039587648,-0.0630031618502359,0.009060606190842794,-0.09582189318147649,-0.03339626452954555,-0.021359392772281372,-0.013857354194498595,-0.0046163729987003755,-0.033169420893062594,5.313553414984791,2.8553054731480088,1.6351381581401476,1.8542054407212334,1.5022215446662646,1.2552544419046179,0.9947966199968737,1.2107015733288895,0.7675900582539104,0.8413157945041522,0.7122783617339147,0.799993018592696,0.8115723308827757,0.5091074155988516,0.5220270334386531,0.4953951368821256,0.5054797460267574,0.5269038269503249,0.508670516818026,0.5444097280226372,0.6346675729218089,0.7163687710776742,0.8586720487585774,0.6675590102411345,0.5797280512382219,0.16542111165085427,0.18691898921287398,0.17274982743313547,0.20037963858742833,0.2021245358181755,0.167924278991358,0.16584903787227834,0.16429855696594167,0.16509043154096745,0.201039561220724,0.16081472057386412,0.20040183356328875,16.623654834170157,12.945599983458985,16.3924657781096,16.803079222688464,16.14016123880379,15.887725263696842,45.64941743965827,3.3399235290579035,3.197870923837096,3.363640018006516,3.085555410580138,2.7299519335978673,2.1448975586818384,4.368832298929575,1700.7779029882531,695.5745665204264,4173.8525390625,2054.143940320243,0.016717604648919752,0.00966811175702261
61,Ken Karson - Overseas.mp3, ,125.6103515625,-12.179116236758821,67.40829189912773,25.07658655840306,12.702921399823678,9.576346525715458,12.87833027785391,4.563558534477596,11.950375500974465,2.2288920167649606,10.637499306856851,-6.416957904159287,5.997950977703304,0.1482652283653064,22.26560557792006,13.912325975702155,13.734922232976862,9.239665774249113,6.664844881237786,5.613430752038823,6.732396031993846,6.800948277819128,7.408389627749266,6.175027021059104,6.05803635531701,6.2607833587838115,5.71017347642517,0.19528799816782091,-0.03580749495943755,-0.017996432156198543,-0.015984593561482557,0.006194876834387635,0.01756978364672834,-0.03433954201677863,-0.04666297027358302,0.035219672525137725,0.01427032818649838,-0.02382366805780035,-0.06627769105964237,-0.06365579523269754,3.4171663879656684,2.4660760856834365,2.05556739714555,1.5156378135060695,0.8727805511579247,0.8300232341569392,0.9938308670119039,1.108627270090844,1.2949184817601942,0.9607581638537886,0.960156719838916,0.9740873607318158,0.8517889336715054,0.05393656681832156,0.026292633294001402,-0.032473602499252324,-0.003521681593639067,-0.026373728291982396,-0.0029676250702368075,-0.029553020227826948,0.019505815221180698,-0.023393434332791476,0.000850923239385686,-0.003973452142945686,0.032934890056945554,0.03333674853566652,2.414996460175093,1.6397261050441057,1.503607424350525,1.1387146903698062,0.717250074888895,0.6123182417480342,0.710015874930321,0.7951735518447295,0.8528739612182493,0.7379252298601172,0.6809443191727405,0.7142429238867606,0.5707272155931534,0.3796526872449451,0.6125284542364103,0.4621149510329152,0.366818786840196,0.5062589110737598,0.4301091326101694,0.5524971566312474,0.38926952487478655,0.4718194937126505,0.6809062697453263,0.47131060392676316,0.45147456389702395,0.16732051058569608,0.3034976555642382,0.22492120056915046,0.1538413361977364,0.2714291827955063,0.15869662252037497,0.2746053739070363,0.1803980013688583,0.19671029206696988,0.27850011442321554,0.1948741271747131,0.2541527715849781,20.892415873484822,14.896495081176289,16.91102583182122,18.51987015817027,19.652339870049058,18.62473807860603,49.16445865681633,3.809166700578484,3.4508053295464194,3.4847949780508265,2.9800738408118748,2.5601118420542517,2.036083898511287,3.6991192297624313,3112.5514391842967,593.5884674740415,7257.752821180556,1011.7372533853999,0.11598186728395062,0.027507030652329557
62,Kunteynir - Гитлер.mp3, ,143.5546875,-152.2869354410005,82.5613400016302,24.76091742244216,40.88988545205858,23.39990321335233,25.019230066994087,13.674804129166366,5.103614428896964,3.0999089219136002,7.234026829769583,-2.942559157532674,7.390751798326771,2.432074973658647,67.0240752959552,30.644519661966783,21.943924542489224,16.160586036161234,12.480333319987315,8.513875456847028,8.42430441174035,9.515751071830595,8.821338424346086,8.454817522092839,7.8518447986890125,7.286733551668386,5.8538963314644255,-1.2799408967508992,-0.3444486976698915,0.10118266369825529,-0.11720155042676646,-0.07078015997741417,-0.07322808203339883,-0.03296145455865764,0.004840190855809199,0.06812160774522151,0.0036465763976728485,0.035067525266281284,-0.03159702220431495,0.040341973666929536,7.162023900541136,4.198941329253802,3.0133362662559313,2.344446403009625,1.8637508338752689,1.1375389213108906,1.3489131496149833,1.7605033577725984,1.5436651440035185,1.414929222124386,1.2685259146219294,1.2204059402903253,0.8719866785599898,-0.11647385110170293,-0.06455717652311756,0.1159162033510245,0.016477272602554157,0.024805402943007874,-0.05880800442034264,-0.026398033661808082,0.0019528844015080672,0.10010747118266644,-0.031889462390092466,-0.0616435057607215,-0.033262125355835406,-0.004098096747816552,6.033011451399929,3.549422310327431,2.7010824879949573,1.71574576564376,1.3790847227202132,1.0090775457477006,1.0115624618002197,1.1078188187133702,1.079959506836886,0.8489534974339685,0.915505476245671,0.8333008485646726,0.6573834803715807,0.4071491109322251,0.4324588240296752,0.45648060276828434,0.46062037204449746,0.5004058843995962,0.5424050942500248,0.5933206114849007,0.5737310064105708,0.5821522584955358,0.6754999847185833,0.4988368049804351,0.4229832309769628,0.25280225120980854,0.21703023177990932,0.23128281502537582,0.2668066090553279,0.30455013263473313,0.31156419364933313,0.30091656536826145,0.30192777265516646,0.27715350319706616,0.2673919186543629,0.1975469105468202,0.2444768472453008,16.98714881785617,14.412382684201402,20.313521147970405,14.972144726459897,15.972628569273612,16.90649157250306,46.7341567752133,4.293801959573848,3.9427851944725045,5.103988464968847,3.0873256962403217,2.715793023930523,2.482955659870934,4.0892250245896795,1924.03898988549,875.9687241845216,4454.050021701389,1949.1387949730354,0.048363956404320986,0.042822281695761105
63,"Ludwig_van_Beethoven,_Kodály_Quartet_String_Quartet_No_13_in.mp3", ,109.716796875,-384.07255266919555,111.27803625460761,-21.59409813840448,22.633731355453715,1.1422211724666904,-5.544776437965072,-9.38762269857811,-2.6100522298135873,-4.806810363023369,-7.4064954705536366,-13.046863580283558,-3.007418415658636,-4.47706746139828,84.34390432089235,34.35119653827189,17.358638615699054,8.834524304829694,7.757214086787482,6.9218053182004295,7.73582168570312,7.252688142863394,6.574677746925839,7.294381596413882,8.426775392207192,7.831061151730282,7.546528574510945,-0.7670488559215527,-0.5464445759217473,-0.1098589569841868,-0.03530713672646218,-0.060260714619581435,0.059179966165511695,0.04803910949209958,0.06417171832283292,0.0045905274764439195,0.028843871193483795,-0.03172569776418158,-0.1562081316118071,-0.02228027311467025,11.028778977450719,3.803026002687177,3.011521557009288,1.4004617198920923,1.0887820793638274,1.061111491606231,1.0557003290169653,1.0033413453224644,1.0242197478481678,1.102800620910427,1.237034702494155,1.3734942693495393,1.2571548276706666,-0.11085711387101033,0.06480082635261854,0.017910270310685414,-0.0008959448856824722,0.0456526626889913,-0.010710918746980618,0.04531928349464534,0.014029689568646803,-0.004130160849236734,0.020220841715876934,0.0028952068978357185,0.0028227221559917123,0.014971078341333828,6.585104973309594,2.4557601546382575,1.6134587570419303,0.8826639620818071,0.7693190541021244,0.6601687335523317,0.7199789837608245,0.7705496908176434,0.8116903101444194,0.76677283315157,0.8647774764868851,0.8213274814438644,0.9154932558506674,0.25678552401591276,0.21161864229900484,0.18784338597712727,0.12580679139527665,0.17028047283823936,0.3040016283378879,0.24202605770803112,0.20363575557640604,0.2874864327425229,0.37908763597995315,0.4070692860426519,0.2278761587128687,0.2848011082462276,0.22397260297068658,0.23046787556830783,0.17855641060124208,0.2152465155502219,0.33482899948478967,0.26284380740595553,0.2224624605681246,0.25622807054007896,0.2747899773387819,0.3877324336581729,0.23719611504786586,20.12189601445439,19.135025052639467,20.88801141739531,21.36803629422781,21.790896231710462,22.083873733254524,47.8047208687484,5.294159862842936,4.4565621214986395,4.433304634805347,3.9544563948037825,3.854309563503049,3.453766560852236,6.907068996959677,1425.826443406877,561.4048983399324,2747.0119900173613,1195.538536356974,0.06836238908179011,0.03265332409539201
64,"Luigi_Boccherini,_Sir_Neville_Marriner,_Academy_of_St_Martin_in.mp3", ,161.4990234375,-382.0805414458851,120.41733178018052,1.8178015350835555,19.662958679375823,-4.402880482651569,0.7799230314515254,-6.2268481119823305,1.5252400937915584,-4.1483986289642845,2.350511160575681,-4.291910365867762,-2.9645087199722546,-3.8325102202318333,112.77531204126694,37.817593132077604,14.031509802613554,9.542890246748852,8.959823024952508,6.436154714601799,9.012423305845173,7.296620525656688,9.620158671575789,7.471569830554738,8.023761143911093,8.314454622484947,7.9153759669194725,-0.7244781313958457,-0.24091105795476908,-0.029412530302242546,0.04988243578321281,0.056877957978918224,0.06924283388322276,0.05191646226578289,0.05669450399575088,0.01605177458151485,0.003946031478268129,0.008790849955223593,-0.012268051615755225,0.0031079681666372435,9.068117957929212,4.204559625444212,2.0436654127672464,1.2591383609112323,1.2107411826046517,1.0624905373027538,1.1146525398506764,1.0630584926723543,1.2780463822980115,1.310566005547376,1.1687919367512594,1.400160855463433,1.2774231033148642,-0.15019802786919975,0.06401455430723553,-0.020735762677411257,-0.0546151526860841,-0.026936186275611642,-0.03802447892828948,-0.007496690087273351,-0.02946823006847954,-0.01946091605781543,-0.07179842381698602,-0.03293780995141945,-0.026780463522300124,0.021023949275129582,3.8612137829507773,1.7340004643320395,1.1721393951349235,0.7599225907623749,0.854560829432807,0.7737103524687927,0.7906596139938173,0.615882300172503,0.657770116732011,0.8204644922068002,0.7244276408149771,0.7985393590815132,0.7968544062684991,0.17718089349427044,0.26510491594815927,0.20947521386839116,0.19922089343279728,0.3463388528713646,0.14969027358399026,0.20981404936461376,0.1407984215794936,0.31493795609078656,0.4993422897848772,0.2129908470324827,0.2973940273125966,0.18165027480368345,0.2868060170364466,0.23355370247156562,0.21700185369393754,0.37070658502792025,0.1630806046737284,0.29777309528717183,0.16780861111440484,0.28718528182821107,0.39518584228804804,0.17237347785570659,0.34147300216045445,17.761539545608876,17.133373811792406,21.957305352762337,22.893101677761777,20.666415633229438,19.357299061251485,46.4719416957891,4.324000410184136,3.890835844431234,4.578659317770921,4.005172391265334,3.204592190856672,2.9107913821989624,8.189451705438694,1248.6741070740948,520.5743758084161,2450.9969075520835,1300.3827699786468,0.05147750289351852,0.02145710017769349
65,Masahiro Sugaya - Until the End of the World.mp3, ,125.6103515625,-376.84753144817586,159.3337213963638,18.650887871414053,50.30316314579528,13.950105555930437,9.01011143297095,5.348144147154174,1.2957778946485048,-0.3978285687389196,-3.769865765500768,-7.757609698599505,-6.825538919042842,-13.026581664512188,52.2529205789445,20.00398467704741,14.181183633383645,9.763493698550143,9.975252213905597,7.335062347906555,8.743300818547704,6.910582526377155,7.028535389075309,6.561884718564855,6.946050980496989,7.1270188221366695,6.690004124944553,-0.9294474359772765,-0.24732501556475958,-0.001989239964772155,-0.06995835246368783,-0.06625021202633456,-0.046498696269455984,-0.019158464848541043,0.0006133865564926835,0.029437580534844816,-0.0041806414151380296,-0.003443227066187026,0.07958707264854492,0.05151248825685472,4.979936740236108,1.9617444468139815,1.5533539608509883,1.023796728110631,1.366659765837268,1.0899816277959051,1.2431675228585901,1.075075324861474,1.0472717546557055,0.946162561944058,0.9269649152432416,1.0196081829999573,1.0498030348877279,0.08379433512181779,-0.15672554930975305,-0.008038355129552472,-0.04828285152756575,0.015723343124400456,-0.023073688436897447,-0.0013660301460114155,0.03844136894038479,0.05469808919408451,0.019215253667538,-0.0009606474763311357,-0.03492007514908852,0.00287210995066957,4.261598156048158,1.5399458876916021,1.3875884999108499,1.0901907228330474,0.994262099725567,0.7479361440492412,0.818599230821173,0.722608976783666,0.7738407726098177,0.6132363680626735,0.6337689432429423,0.7357366354590908,0.7423768223033697,0.6391963434339513,0.3722531809694318,0.28574779725139154,0.25686194311039107,0.18571441015480142,0.3377080331123534,0.24126046355323286,0.3025599566653348,0.2648914476114981,0.46622225346135693,0.3868349931651243,0.2535566958299849,0.36893248206532075,0.2081616081661759,0.2580675230928983,0.22928514832900512,0.13112788111273802,0.28536069991895513,0.1977098336949404,0.3222638479018088,0.21991561211355115,0.33102608973827524,0.29279163223525423,0.15045630965870085,22.113899183393446,19.447035923355322,19.083948764992538,20.316439146730122,20.198192013625313,20.764267431564885,48.446602713533714,4.864714950765422,4.363385157367818,3.766056930342961,2.958101676572199,3.072608061842112,2.84373787357776,5.584493095765647,650.4022369640638,182.3374453472899,922.2724066840277,539.43736585346,0.026079342689043206,0.00782041333688871
67,"MURDA KILLA, Овсянкин - Заварен.mp3", ,143.5546875,-127.796042840008,141.07172880054992,-34.12701250060841,24.295406041505895,-0.8605539048619476,-9.074796951479382,-10.748776177841203,8.756212561356802,-3.711475684502979,-6.420721287712638,0.11918596133451735,-0.77972289931351,-1.2888545515360657,51.54456618472645,31.109554313295188,28.03992865641744,17.216565968516633,14.246906705013112,14.399182364041868,9.250469269035058,8.511137446934145,9.081666103634843,9.549828861186905,8.577146644015324,6.671396758782873,8.148636106356117,0.5649728969409257,-0.03442680287422084,-0.06705651915183773,0.285030790309301,-0.015405030521552695,0.2921829229838036,-0.05433144156941799,0.010643402557176199,0.07080989635698957,0.005476852350747556,-0.01635958242839501,-0.005740549688422937,0.12249324313813338,6.936906843338691,3.5325444918536686,3.9942281896395415,2.585926281921744,2.089405997219059,1.797701359665788,1.631242772997477,1.3059636915505646,1.4519025265117163,1.450916618463374,1.206551404816812,1.095745724320181,1.4134729313632588,0.27086916514154935,-0.07412451302724672,0.022260170424196087,-0.06892372132710146,-0.08397414766452893,-0.028176872516740805,0.023325099466069615,-0.018019187816757893,-0.03786943061897074,-0.013600463254943513,0.04026111081834698,0.02258515388296664,-0.0013915174496992508,4.737856901351225,2.004257250576296,2.9736481893451265,1.8843875743478051,1.5226476358088223,1.4281889873126108,1.1424777554966432,1.129701271890177,0.8863886823897911,1.04281593719991,0.9417236287133851,0.8934565882866948,0.9349175217305549,0.5105808148114587,0.2895700602797952,0.3114485469040243,0.29702202834326913,0.4545929095949288,0.4564029664537053,0.3992466275425007,0.29552621770805365,0.24669544865883153,0.33064905324099975,0.23254381891133058,0.46816452272972214,0.33800288822689256,0.1864733497476552,0.28342298626072887,0.20123881719084566,0.30599397650688737,0.30696306010803137,0.3205954621386778,0.2221604496479769,0.20254087083407094,0.2787121733183843,0.15464036070330628,0.3228655537269452,26.502820392984134,17.899628347059046,21.874721123873496,21.827039248168827,18.94441639498451,20.942477343379533,46.3481313867621,4.947155008429438,4.2057583941736025,4.7865754105031995,4.14012814418931,2.7734520158812614,2.980240220854037,4.569775867955812,1735.9575619500883,574.6948216910176,3597.9390462239585,1319.657414659777,0.0783962673611111,0.03481481926179512
68,Nargaroth - Black Metal Ist Krieg.mp3, ,114.84375,-80.43439005710827,110.59160254914086,-25.658379960207295,19.419787700897384,12.909542198074453,15.830893448749443,3.7895030387343813,-0.7930318250286353,-1.8715186673733923,5.158412163444783,-7.474875858674447,-3.197957521879379,-1.223655457711882,68.94355446573074,21.424710346459506,16.80157917806572,12.579908073766086,9.793898699421588,8.300188103317437,6.8519050061274,7.446786776606783,6.688823927617729,7.342760980517002,6.228236497202823,6.05688239563845,6.035195130196871,-1.2615927200862147,-0.16348603913286716,0.26267886135646684,0.03996727681419823,0.1703279221654628,0.10471092630752628,-0.012487243102104575,-0.049966471223735515,-0.014253978551376932,0.0642590185326961,0.034385491389081306,-0.02555137272330611,0.007704833406023681,5.370040164774676,2.2220427212992484,1.4726516086825685,2.046579659851924,0.9136806022150882,1.1186957569312985,0.849069742346352,1.2264179446441368,0.9041816517692678,0.9850267160441636,0.8873511066984782,0.7759136809869829,0.7762779315127045,0.022765168639900232,-0.058183097113125075,-0.043939018476521596,-0.09755370066282743,-0.00953908506522162,-0.023081483681582745,0.019400545627663465,0.05000943746662089,0.011416705097625157,-0.0324363533185039,0.009601100740298905,0.07004882773599318,0.031498518635168164,2.392774541804546,1.0625274085858363,0.9700098436587075,0.9621389678411115,0.5682692956915031,0.6653683203015741,0.6146440639562522,0.6515899302507742,0.5388621514320934,0.5239538746726821,0.606095473956403,0.6082905640198041,0.5170084961472893,0.47957554705912414,0.3974341024978109,0.3770969849608747,0.378183374710289,0.45002803102963496,0.6398264455068626,0.47170160025542157,0.41675920157842805,0.4648953329909731,0.4583132481030016,0.3791087445527039,0.39997451266929224,0.26082952335054327,0.22259079259693082,0.24867652035986232,0.25289562856733344,0.2016162317781768,0.23607906166358894,0.18155396245715302,0.1934346309879835,0.20262976188080598,0.22989212945504492,0.1937746896998663,0.19574755359744767,17.488001568285448,15.037794711166157,16.67127210945142,15.598259130737292,17.44016501886124,17.732227085556705,46.51000298548207,4.553245299897096,3.3506132199066467,3.7566647529754484,2.3376255408234425,2.1084936694614536,2.031506835055675,3.7535776445702704,1966.5606597612516,361.3678668459065,3901.7300075954863,847.1784092595602,0.09999517746913579,0.023514027645779614
69,Nargaroth - Pisen Pro Satana (Root cover).mp3, ,109.716796875,-98.20556496341288,100.07126646866034,-22.98981403688222,47.74188939509568,-23.155348448013815,9.929327219632674,-2.65431352948517,-4.289827330612842,13.197289439631097,-5.360834748104767,-2.724584635117172,5.445865270003307,-5.447302422980652,43.34974603067868,18.387731205030306,14.094318824244418,11.317697457030922,11.863271407894052,10.622168415346131,7.92861128714578,8.573693931397534,6.74840047128119,7.139430565406577,5.236561434967217,6.784673681666291,5.277259500546246,-0.9928348133337602,0.09164479373304611,-0.05118134550354659,0.15362255868608315,-0.16969480223696456,-0.047643617469958245,0.01682721888991418,-0.05199648154235479,0.051028650573075374,-0.03330785820273579,0.011412269831060168,-0.04673307733739623,-0.06866666601333382,5.1957564978766735,2.706857612264374,2.0725042741098005,1.4154325008796906,1.5724897106600075,1.4795198606341013,1.191159351935524,1.0161763284197105,1.005875839402796,1.0168380351462654,0.7236577498818355,0.861489168504819,0.669006206350859,-0.19422235805541277,-0.04500328410089154,-0.02607117256618186,0.013335889142098616,0.03444297160424384,0.006983986067266581,-0.02168780663639974,-0.02745467525285979,0.014863109754627514,0.002208770022448727,0.004563650539946846,0.018196097850356894,0.03746485533940112,3.589428395393367,1.6103292614771647,1.1683992009470845,0.9711222997564076,1.113930703414038,0.901487964007874,0.7705747657703003,0.7090300366366118,0.7756401648447818,0.6770701166276568,0.5127200990572778,0.5952620460565208,0.5059067985457519,0.6237899000170054,0.4983332582898898,0.4675927924130249,0.47996064311146375,0.4778542858433485,0.4784238026822331,0.3532965502494739,0.3326977838871334,0.30008064190006273,0.3779146164586698,0.5056345939383279,0.5246577955276509,0.2682218357163559,0.24163769601968674,0.2600399119775172,0.28807485365003177,0.2627891380659093,0.28957351493411704,0.24723154676239942,0.23440557757556282,0.21478573822459843,0.23177368541695167,0.2822809243671049,0.2384209805163995,22.54490617158983,13.745962890115125,15.659896011519969,16.870522779410027,16.384259894061298,19.954462874666365,47.2885902388439,5.603598876037895,3.7086175573123437,3.8512212972390807,3.003506023286937,2.2638213927268622,2.3865638481377514,3.8728547459078917,2303.7956984043044,329.9209900998155,4649.045138888889,546.0468663678606,0.1288987147955247,0.03475908858268857
70,Nargaroth - Pisen Pro Satana.mp3, ,129.19921875,-107.41539374170365,72.73023097934546,-0.586696534222107,40.590451932247774,-10.986273912827912,7.632351127395658,-3.695060421655207,-2.3573033376884314,10.54875718353799,2.8400318929350674,-6.24104717038112,6.265055153472924,-7.735139746908788,83.57022325839586,21.05304815762567,12.482990607880348,16.296346591143536,9.529857435602318,8.398181276621527,7.305197409608149,6.774386593508375,6.834012682289514,5.392545718586124,5.458525522239483,5.307998658711811,5.927857617110217,-1.3911113556830879,-0.27072259179822367,-0.014721659322579692,-0.18715517229780002,0.11255791904886231,-0.053748309968706276,-0.07650072328073697,0.010055060687232014,-0.021852367624416252,-0.007560363710558984,0.006522359594883814,-0.051108875626483995,0.025469662975174962,7.925920975850559,3.0174432487158325,2.273620195871056,2.1484143889481015,1.317115101023831,1.4205693661475551,1.2516229078399288,1.0273870861537377,1.0292124978423416,0.7875919493432858,0.7883672533055357,0.7844738365120106,0.8024026677995743,-0.33498753255440117,0.023376377575375418,-0.015253949699130043,-0.10185236167910015,-0.06126149962684944,0.008451109079437127,0.010944228801505503,-0.010680323194304226,0.009974988230057118,-0.0004136015252888571,-0.022445858298818133,-0.021250870885804615,0.0035748733556110767,3.5166673138023476,1.4157728828915461,1.3801428991802602,1.2807191455975346,0.9125817349308804,1.06911260529642,0.9050290646029165,0.7621416109328623,0.7981644420323096,0.6204789620456913,0.6235775390575168,0.5859798793020242,0.5651608554242109,0.6181379359123516,0.49539638761384985,0.4406143735381372,0.4073696881302713,0.4483247299184218,0.4246587122756022,0.3805214271846193,0.3358653372636547,0.3585386734059149,0.4369286263108622,0.49347004435818503,0.5837321632346254,0.291140980864462,0.2578117380862565,0.2780247615143381,0.2658248701760592,0.2798318360077732,0.2673163008424377,0.2579017567213924,0.21728060251179407,0.23668929778381007,0.27268232735130365,0.2632738450739684,0.28646616821569176,21.6988808172169,13.74368441381961,15.888926475895616,16.345545036604513,16.01372720662138,19.122187436398946,48.12173213213697,5.469469903818037,3.471791298624677,3.75745303251453,2.74157328942777,2.111968373727141,2.235644767873872,5.748361612321048,2506.2816186225045,526.8999654205026,5089.312744140625,954.692901907723,0.12345528308256175,0.04558999991005963
71,Nargaroth-Freezing Moon.mp3, ,109.716796875,-0.8729525824065926,69.37889405827464,-19.666439851676977,35.68952958598549,-7.136766658187557,-6.468424563054685,-7.383167437105267,6.181504145172643,-9.07008929412674,7.479393993308882,-1.2288675577736194,5.363489090844436,-2.036565416159085,28.320514779240227,17.704714171315757,16.97122301338933,13.141739133060014,10.109777252962493,7.342410137919306,7.972005843301417,7.0686431343579725,6.22529964586375,5.851501315206957,5.824359436344312,6.720212591207175,6.274594092567132,-0.4552683612578951,0.09333515429961275,-0.21649352996035218,0.053076557474452314,0.023713990916062522,-0.10384124206999938,-0.09003122965194411,-0.10017754127742884,-0.10547483909262896,-0.041095195412147144,-0.036119187032993605,-0.045153617058351726,-0.03510018026083995,2.5489619420061813,2.0187521409144975,2.137043990248324,1.2931600041452058,1.2584561320356793,1.2501823452453387,1.186089616519893,1.0690426728271827,0.9446807626688569,0.9209900678969274,0.905448592502526,1.031010005388797,0.7214447291005258,0.018475926476875668,-0.030195505232880764,0.05724319185555717,-0.02322131798553775,-0.07851307898584502,0.04243934140317889,0.009498688344373713,-0.037156492264195415,0.018372285777679933,-0.006323646406217675,0.010552916102352795,0.02697170778381765,-0.010559645984436811,1.7392870567365915,1.4493292244805305,1.1954211998005204,0.9527707527890982,0.9018072813838334,0.8487198276122291,0.7969235028481633,0.7279099757910954,0.6485115627154769,0.7366364790011343,0.6867553306001998,0.7105530836215004,0.5274304226520065,0.380083516780517,0.2868250205905901,0.33380776727687067,0.535458617510251,0.6887918122940594,0.4712837538164523,0.4003666686584,0.4485590863444003,0.4719778117436318,0.3694914850739785,0.340200962383806,0.4999502293397615,0.21883618187987366,0.19057951997933675,0.1982275999442721,0.2665830955032518,0.28248296030467845,0.1951967406517581,0.204919058495866,0.2565509677304832,0.24477877796629924,0.21891905639528622,0.20987530175972677,0.26224797040392833,23.980398804873996,13.527289784582587,17.447714802294325,16.16432463070954,15.721426304280522,18.14435684827009,49.35131515696103,5.2542843311058265,3.7577384174082713,3.641120897544606,2.7294632437194015,2.2527457733531375,1.7672204603741282,3.751645152864727,2848.6782391544243,413.5250608493754,5514.62673611111,949.0220950938151,0.16622359664351852,0.040181901794197554
72,Nargaroth-Hate Song.mp3, ,116.89453125,-135.60368558782855,90.5003432256204,-18.389656517884614,16.095031228698332,-1.7675696723623038,-0.6897004511621265,-2.43300071813994,0.7960360088374147,-4.219634088992291,4.4581087827682495,-2.7020658188855946,2.5484330781080105,-0.24405115428898064,94.44740428630968,25.604977959159097,16.67933755803172,10.145296375164031,8.527214705241006,10.272063060702987,7.8208358658322865,7.8381867596318315,7.926810102720794,5.86130641777804,7.83154446532851,5.279740317539915,6.001258923610496,-1.3524077713719855,-0.39604855541507766,0.16417199205161637,0.12632251676701275,-0.0684251125886128,-0.05406346898396602,0.046992170224886075,-0.05944819180266126,-0.00470103357485956,-0.026796318492191027,-0.06818101729444563,0.07427185936561458,0.06254056455837138,7.566106071028931,2.4845281663043117,1.8040074376477282,1.3399117300404841,1.5231119757211875,1.3317045624289507,1.0681733624537844,0.83180781495474,0.9616962074213148,0.9498170698217262,0.9287548614997224,0.7167435860822072,0.7274939395125696,-0.160011674471509,-0.07052373038001221,0.05141725170966468,-0.04331867755850616,-0.02799568447301647,0.06709636532235172,0.06293641418570015,0.01967524282668752,0.0364506513895007,0.012305171637117494,0.02938069572476785,0.011993103549976685,-0.02355586036315395,3.8016243452815126,1.605508471862873,0.9894776477385876,0.7161747170856206,0.8450465726198914,0.72706068239659,0.7106835523779337,0.5631896081174035,0.6068305595161397,0.5699928187841065,0.5710962509793132,0.5074944006642202,0.47371438891680945,0.4283153225069889,0.5178020380719071,0.45122126439574783,0.35683391277712806,0.4054642887728542,0.43088164072725227,0.5090931893820748,0.3979407214390022,0.42420802518070017,0.40202285988503544,0.4428283409244254,0.553701442051219,0.23420198576948667,0.29665966943085936,0.2717303285866255,0.2470865077725326,0.26771973993876846,0.2787510499674797,0.28735364592905843,0.25422721760648265,0.271450244258097,0.2613502853594485,0.256724916608575,0.3027545496552036,16.378104976864847,14.035890143347823,17.7010413092698,16.48881558490616,16.25649830445926,17.589939207915886,44.70183939691941,4.178977467108065,4.399945824207042,4.631313379870325,3.4799340351031964,2.4212104274512236,2.489536840474534,5.464095008256419,2200.9449288972396,552.0568194591011,4646.685791015625,1310.873442889508,0.09828317901234568,0.0344365536118423
73,Nettspend - nothing like uuu.mp3, ,125.6103515625,-76.64948722379812,71.67535003762187,21.70945332199335,15.750279428138407,1.9901020313486637,10.30149746955269,4.802324735134104,6.575765365895665,-2.164465999069773,10.531387593091269,-3.6725859308132414,4.690522452678394,-4.455859511584779,51.80911880567444,25.63071215762062,19.436720019023575,14.670335563118755,13.63902476003883,11.10746121888154,9.902230001582817,9.719239075316269,7.34405938362773,7.967478087884501,8.792902737331827,8.916960399923683,7.074133977444528,-0.73870799532965,0.11474653024134444,-0.17713373613164382,0.025626582093536854,-0.016001327138647065,-0.06208592114745881,-0.0418313853746283,0.009067747289929998,-0.030201277397731093,0.02416051414588259,0.051426283867863,0.11747842008121495,-0.0169995618512693,3.671053036897573,3.168284196741746,2.7466558390662215,2.2022663816513774,1.7273178795013244,1.4397968229587221,1.3698013516854723,1.278463543853282,1.0272125973424318,1.1399418505363919,1.156026940247586,1.1500767695577456,0.8234257587666657,-0.17261621954615147,-0.023423463971006257,0.02819879826756171,0.07195595204312769,-0.04545903967888911,0.006081173611793343,-0.02713043349910022,0.03620200602116385,-0.027173237722757978,-0.042436287096661314,-0.029984852469674982,0.00852029720812829,0.0339581696708244,3.4210017055849633,2.6392553548322706,2.4869462245330407,1.6950765853478507,1.5135133566706906,1.2809114369382804,1.0309156059870908,0.9456086642043328,0.8625565151085368,0.986174440232356,0.9919603811923553,0.8229801773059823,0.7748280091223853,0.5721210237523472,0.6107302832612653,0.3123039490842249,0.2652025798559879,0.3312858258385533,0.6493790731420396,0.5614770130300318,0.3942160282548471,0.4518848895267756,0.3954070055696331,0.422169571587195,0.2958292613139399,0.30145504754490093,0.2863571155755876,0.21303633250270584,0.2251586735641488,0.2136715221568568,0.30068587622290416,0.2427717513093358,0.23340333875203298,0.28252669601247277,0.20933634814360735,0.28123662773164465,0.18692071383735168,21.403832272287904,15.674976243835872,18.364469333254807,19.70360406435957,18.824661741461878,17.71481487540564,50.202396937389864,4.54027436708705,3.8261183455008214,4.393410691819191,3.6344942407808767,3.133163007788351,3.0669339645399827,4.305876753729611,3185.7026598780844,813.8950122817556,7026.869032118056,1199.8516976198266,0.17382661795910492,0.07435078086759402
74,nostalgia.mp3, ,122.021484375,-362.0979808760278,207.7649886990771,-5.02700903809365,3.542211147554127,14.059112532271278,-8.823999427120995,-5.231127201315061,-8.871265401534828,-12.285809908384158,-9.025907780377217,-10.115095149955632,-9.722954530222916,-5.185327433946508,43.05061111760315,23.499770077726694,12.73689259389881,16.88887034933127,9.06366270754562,8.816882421475244,12.473929401457342,7.953266019744251,9.064012075450146,7.489244575000853,6.97389299193176,6.636672361576554,6.009456756584544,-0.8103855617508223,-0.021751862299559572,-0.05120212463503934,-0.1518050361804219,-0.13043291017145095,-0.10811673304753056,-0.0843938929459977,-0.1109851677963125,-0.05408017831225017,-0.052213786376667515,-0.11356468048522661,-0.018382249580391533,-0.020727445359951188,2.523763139080067,2.0189079217402788,1.5397993345173957,1.304994090597792,1.0270388233604877,0.8234625191578026,0.8958122574849376,0.7139615658833773,0.8598174082378242,0.7393057791641754,0.7415197428892831,0.759153963676661,0.7240746193894269,0.2213871694302163,-0.2370358772703768,0.06586262896616747,-0.025296126352191934,0.005078858214453506,0.03803152707198787,-0.007110073995046362,0.002603480187072246,0.006392413160309516,0.02973487180187712,0.03209528246305935,0.023973732288814734,-0.01979107386432588,1.9228965371023143,1.3360419061264137,0.7215817607513143,0.6886791279389173,0.5845377296222577,0.4759093492278466,0.5335746379729253,0.47992399718721074,0.47722763906288274,0.4449512577466268,0.47486417002382897,0.46769709025999706,0.44810212336900634,0.5255787761718104,0.3748751132473074,0.17296150494345322,0.18174824832915615,0.41722761826980626,0.4523141270303627,0.23021087071133986,0.31307436347893086,0.35053393688918105,0.31254694291733975,0.266547840171965,0.2419177587478232,0.31025130894788017,0.18413119162399946,0.12135365440109543,0.11055330776696244,0.3008838349358353,0.18857045540333664,0.12600128542804478,0.27456538058591246,0.1961919212935961,0.25433610254420397,0.18341250084525473,0.15875616740388598,22.133718611768,19.17430707440523,23.05794432231781,19.83624228115616,19.863409170552682,22.85025090371631,40.64131437795632,5.4280881560747245,3.7006002985945976,3.8823734413020374,2.797179578821769,2.3201141865851107,2.4527384513278783,4.18661165648139,613.845487923206,156.67513420511335,1012.65869140625,328.788421364219,0.036990318769290126,0.009415403222980985
75,OsamaSon - Minute Rough.mp3, ,120.8251953125,-20.860012888494467,52.660806523429024,27.491058427932455,17.83560466563996,14.13580419353129,18.351866772237383,5.513975562714616,12.903668152467338,-1.5397823045467154,16.881539557819014,3.482827291904408,15.37369972292656,5.241141371980862,55.20480083397239,25.599984687530924,29.708157030411922,17.89255830209979,18.9892004353089,16.563034432891907,14.20687224342233,13.907856867502721,9.40360259388642,11.501709621831786,7.782820610735455,7.751853270733115,7.831643914123801,0.12878363858333527,0.2202561715040011,-0.11371978247512338,0.09871753691810609,-0.026545503426107498,-0.008536032031658161,0.07890284341978437,-0.004031153617104817,0.07383066744336651,-0.0656306019604758,0.0448989113289748,0.05766146144230367,0.03988610197542764,10.740983424416639,4.274140663103947,5.549973521013627,3.4020349653035953,3.7071304959911195,3.287409883248794,2.5815932569185565,2.685178071934004,1.5215878380716303,2.2295085696954313,1.3167876596688772,1.2610326277613106,1.2771233969444795,-0.056938235943326386,0.10554267923681089,-0.06346788244784729,0.1357405546443238,-0.021306488401382977,-0.05930948145270784,-0.003487308398622123,-0.05770209785493344,-0.00987612705729488,-0.04202865476268746,-0.004856463077616085,-0.039813396653137455,-0.02523836805082766,8.04841817561379,3.5509317715022437,3.991858115373809,2.3475887864244265,2.475117272050286,2.204227009197833,1.9445973221363364,1.8003174651660299,1.1873920461027307,1.5604608601282006,0.88618279205661,0.9397061137821311,0.9529394665519697,0.5173939858609236,0.4842850217742294,0.6788506802907328,0.6420612364495747,0.6919143750723222,0.7401424138174381,0.653454590232376,0.6274833115777806,0.5556393777606664,0.6199782282389976,0.6699709762663891,0.5432700710514858,0.24395012890826873,0.18598967044401937,0.24930518436249358,0.24688873592663488,0.28112024636423416,0.2372417419752796,0.24278397231957824,0.25380962777214316,0.24655669018564752,0.25867614114553256,0.26784860890778955,0.2346942150265041,21.90632313693133,17.37945629573657,17.283507978608903,17.948134561546397,18.252327467115762,17.538740631655994,47.54049384493134,4.356692975702548,3.810754291937044,4.260754307151175,3.7502161305734654,3.236586892176552,2.3496817319926504,3.4459897830313424,3165.854506565258,855.7721431426053,7145.633951822917,1163.6393116516622,0.0841923466435185,0.04923003685818289
76,OsamaSon - Uno.mp3, ,161.4990234375,-56.46033597737551,75.47334580951268,16.01622079855498,11.798403005219166,10.887739438724553,20.264065008242557,5.593874429525049,18.14512660887874,6.548673825936369,15.172560431891016,13.666139357251884,10.067895808889542,11.798172863177312,40.89137866267729,21.27126242621264,19.53937935623622,15.395952607161908,11.09263900105114,8.41243191480737,8.687546747614377,8.27515010979067,8.876918583909378,7.986851010581561,7.040314054429945,7.091590811932504,6.95031698731171,0.123567923317077,0.1356240075992788,-0.007779653582227551,-0.2493838080044054,-0.12366438778922147,0.059003647089142484,0.11227044704611655,0.06479807945818462,0.05550269119550738,0.021453534198327014,0.07024084689687754,-0.004265859504632744,-0.004100125761778831,4.34441418158056,2.7359258612270487,2.7982853262050216,2.171780384861638,1.832842363213311,1.1880268693287845,1.1789834110295434,1.04537566788505,1.1923524158185195,1.1712020862256185,0.8944962494129952,1.065280099984379,0.9867309449213181,0.10188298439032133,0.11463778532673548,-0.05520475260988108,-0.01253625536394984,-0.009146358125072758,-0.018721514318230343,0.03077409743837276,-0.014889598201046253,-0.005956765497103336,-0.07175633391181443,-0.04166217219662266,0.008014761341913939,0.045332188995495404,4.3671819926107505,2.492795843925346,2.3260935482291565,1.8386914085359407,1.3660899780656,1.025738599210728,0.9987645210196471,1.0488314727360581,1.0230042487366469,0.915439011219533,0.7307055872896145,0.8551897559394431,0.9246915511573479,0.9286751087961926,0.8366613614740839,0.7559925275567321,0.6893750206584595,0.6621502545765704,0.5825344342508434,0.5197465928259916,0.5256072294260202,0.5076905490807545,0.6128085948710824,0.7027169002886907,0.8555008054388987,0.13503111242798915,0.1633567828126495,0.1556647798109695,0.13684848556568366,0.15658586538698052,0.15559262974508511,0.16732533447578754,0.16801904706162976,0.1344221510581522,0.14326811567101372,0.12329476169991431,0.1433567765686713,24.875202602119263,12.321837389912488,16.082130105548007,15.803357653317631,16.72327883093496,16.6883399005447,48.410523798096385,4.212167415196752,3.359242654996583,3.5042751006485218,3.0742677373946274,2.7443264687648043,2.3857086642575904,4.270693724373068,2011.1517028382843,724.8622506872065,5155.241563585069,1806.9538908615232,0.01882595486111111,0.020262695920002696
77,"Osamason, whyglock - Pop.mp3", ,161.4990234375,-89.20263019848016,84.67659643439599,28.804783324998468,15.017327548085172,10.711858352761212,6.502963170271229,0.8693440147204163,15.849987165059572,-3.85207627090499,12.891174045885785,6.067859839877964,7.844274903475135,4.3531638234853745,52.70387467502447,27.051930800287476,28.946535299612094,15.385566480589114,13.297805130153103,12.135927350034668,9.588801527231793,13.433994672641191,10.719126831791785,10.2566478205531,10.184384397720457,8.514781710211993,8.566632950817208,-0.2892197047893452,0.2108382918572996,-0.05215070830704069,-0.05095688186091498,-0.010730118815568684,-0.00586135204404271,0.005339478665709861,0.009279490663759113,0.06182018029546641,0.034017195020023344,0.0635294747757323,0.05507121092487518,0.03353590174020487,6.818851792762999,3.2878969334802437,3.6372014415608156,1.89996659570118,1.9347529031795638,1.4887891660293044,1.4483589371395125,1.6024256189201733,1.216696964108292,1.2923630677026374,1.2041464320018302,1.1852062365713456,1.0835586026805462,0.08892680259844012,-0.0214443465401591,-0.08982290919686171,0.05035185584522508,0.009367819839548092,-0.06667648266460516,-0.0015812730934056957,-0.08189142252646248,0.008030584225730027,-0.031413180765086486,-0.009246869521132198,-0.022433480686280757,0.016031893820323648,4.823888685648207,2.657053420886031,2.694727314737163,1.6802938733848105,1.4858095849882202,1.1600382642367668,0.9708869328257644,1.2387197785691704,1.1656257904936156,1.0093242596338354,1.0356377292114087,0.7410343717742252,0.8616399505933448,0.6038578913495359,0.6121841137510161,0.6128033451781965,0.7226729467741132,0.7756614519950048,0.695116798105983,0.6319396010036638,0.5319259788806515,0.5752875766153505,0.48292567984511453,0.4833848476927313,0.5896929369227569,0.27530286084888816,0.29453388435981176,0.27145912787045884,0.2745141831117017,0.2630481447212934,0.28638336529745306,0.25917250764643485,0.20787665545875578,0.24066447320781717,0.19069102015198,0.2256443661827869,0.27450222687622006,22.439933913527383,13.982632544804886,17.822139531036587,17.73325064474372,17.705179812649963,16.957633094477853,46.20238948484657,4.356053704705701,4.146291165794882,5.193687401937147,3.8794137082942064,3.118392821258469,2.7587891878590605,4.271664287194476,2345.059681988226,808.0482013415907,5828.05447048611,1929.312608954938,0.040406780478395056,0.026096489532148673
78,outside.mp3, ,114.84375,-340.6166203345781,174.97661729800848,37.457630810546284,17.589747359539256,13.652629617532646,5.167611291701043,1.4362118004096878,-7.997872965479338,-3.710401637088738,-0.6128116972100587,-8.98504142479304,-2.7368995460831087,2.800725353352817,45.847911959468085,34.281128772299105,11.610487635066294,9.464102699502495,9.482440592011017,6.579865748405251,7.015111797124924,6.689467134430898,5.923522593711568,6.58327424919213,6.737358454885768,6.068663488556754,5.587518964840769,-0.7816978560338073,-0.38882224435808804,-0.13324967403191912,-0.14940902673032846,-0.04167886718713828,-0.04726535952773073,-0.043284457038950036,0.0255019678643518,0.030951533425616583,-2.199161602299086e-05,-0.028841609825947134,0.0030006660898733452,0.011714817215379522,1.892371987127084,1.5864602429979138,1.4711763751805298,1.0644392645227072,1.1257078924056174,0.8696537758015118,0.8552034668472001,0.9099353333236664,0.8041209731287765,0.8104039208685081,0.7997440262992862,0.7749107484743002,0.745599414791192,0.12068948072933212,-0.06296888884497565,0.04076368983599277,0.0012848324018076378,0.003927870126107689,-0.004940281578995013,0.0037231586835265195,0.036986139767611385,-0.011734821023074568,-0.018163397819102728,0.016973194189407046,0.04710629704281871,0.0660301458556205,1.227801987702737,0.9975890548198189,0.9629228362314634,0.5868535086863901,0.6489327032698542,0.6209229944981005,0.6587083096223828,0.6790137042934331,0.6418052205234268,0.5889028260626077,0.5643201208112408,0.5179141242136521,0.5584646762877198,0.25223427941845905,0.2439052366207312,0.19979437948845938,0.18154444214801682,0.24863297976377383,0.35967164718291583,0.19894399487393344,0.39326078852316665,0.492074701351539,0.3726646639790241,0.32594969938392393,0.25014929213199294,0.2019533499040834,0.2712653675810253,0.2193151314852589,0.20153905679234377,0.20953108259078176,0.3371648745669384,0.16832268484271373,0.20605021233659615,0.32872886345965896,0.2259956348107164,0.283415587675589,0.20653618119804915,21.081740630476855,17.642116790854654,23.649148271783947,22.22569226828301,21.572304741456893,17.107014842468377,46.540310918051894,4.530932340930529,4.063806996217177,5.031271645155333,3.704008169825569,2.9568149754145234,1.936557038393839,4.363354461181214,842.8015892190097,392.52131261153403,1481.903076171875,932.0394325215103,0.03660451630015432,0.016703025027145622
79,overthinking.mp3, ,129.19921875,-255.69958380710932,174.15472664067775,-8.07027966713096,11.950967403887597,-19.449625459626134,-11.871806871375918,-19.91898755821181,-5.4480777034237065,-9.756800533858714,-2.630041540956791,-5.703328359216727,-5.548490923311975,-6.789523098606295,33.570436970822506,19.272564581690784,8.761227047433072,6.82994262364108,9.651180655397344,6.777390576435124,5.927019595931672,5.556214669322461,6.885322485386421,6.761559715384904,6.70698568606037,6.712643400170561,5.898534991636029,-1.178921781071601,-0.21373376367400962,-0.00022948138634271606,-0.09080790246859836,-0.12328468500579028,-0.1305756435893407,-0.04970726757425308,-0.055509051952991106,-0.013524566955266543,-0.011603320888416082,0.059816757073686284,0.06872137893544367,-0.011058436815891371,1.5677883547777087,1.33657380781415,0.9956657367303876,0.7786178965551186,0.8529967641603632,0.7046305203478536,0.7772585823770326,0.6952532407677898,0.6830070286133587,0.6927753307500244,0.6774541881312147,0.6809954945811462,0.6779755156403232,0.07925952082524294,-0.2009543446503453,0.08450224129612453,-0.03179403785314342,0.01947777593302839,-0.02022490119926249,-0.0019945154005351164,0.004935584426282642,0.03319113874049098,-0.004742510978960327,-0.008558617923466235,0.01869655123525184,0.008526788931214642,0.9023414590533037,0.9616706531466171,0.6365337911073263,0.4414975792901937,0.5098141300729045,0.4400921288544945,0.47767794329344127,0.48050541189368295,0.483278686060568,0.48901373947653526,0.5084897799350583,0.43626990998216164,0.4082352997891518,0.23407221068362247,0.1754352664934287,0.3048008300254788,0.3277791112325051,0.18884298043112835,0.3288462717354838,0.38652548303879386,0.4876025631696124,0.2596941773900417,0.20906939989215992,0.32562434262190776,0.35973337925410037,0.18014517388867182,0.14500647243151218,0.2049936001137744,0.2718625854118885,0.09839286366705868,0.18740654010921523,0.18672697181933814,0.32624331788556854,0.2133127027403574,0.16937588982122123,0.2749671435101219,0.23166790156059844,20.306026314218744,14.9886920000431,19.193190248124353,19.789801502687066,17.662184588958564,15.838630313241074,48.92680091269421,6.051425042099683,3.3100661112701477,3.6302471310726396,2.8088172252365133,2.3017060931138817,1.5647697100042823,4.613532637627988,991.5615368774735,178.26855799589666,1611.102294921875,427.60253902510993,0.04881456163194444,0.010167427189306853
80,"Pablo_de_Sarasate,_Itzhak_Perlman,_Abbey_Road_Ensemble_Sarasat.mp3", ,127.6611328125,-325.0128195138625,121.50196188467521,-22.566207884730378,37.11169189251499,-9.552903351960358,5.348251883078505,-5.556823636554642,-1.8120561857006432,-5.632047530079698,-1.560838241544035,-9.674418193874535,-1.3823489529299142,6.901024334132671,89.16919803405817,32.53636726335703,17.43253754596888,12.611395605180261,12.689710605874643,8.383240270794532,10.97925221247357,10.071898686508144,8.786031007822777,8.060998265912977,13.16141304360872,9.49715622654068,9.775497572703694,-1.7244122197282394,-0.1316733147609795,0.08367908984583654,0.052128948916589125,0.05520542757944951,0.0022214911375079784,0.10203699239408942,0.07840807544337701,-0.10111901277955047,-0.0995891522026885,0.023907381923363353,0.08663898286334941,0.08328173156607792,7.641924868498189,3.393803284521572,2.3388898830897253,1.5413394483452993,1.5245998149628193,1.1168036787442255,1.2196956529957204,1.2326847646091703,1.326004860827506,1.0911953180272285,1.3717170899826618,1.328172488348277,1.392492433599692,0.017276758375598472,-0.017924425461836858,0.04333069225079575,-0.07899087893253444,-0.023708406538288627,-0.04134621397436907,-0.008063599189174257,0.010748466617646224,0.00020993841570560601,-0.008341296164198193,0.032287534274574786,0.01402887904367634,0.006320742372073804,3.511448274044724,1.6231217905900681,1.0589929267522453,0.9961392542798376,0.9005824836369959,0.7024945039646068,0.72749625332986,0.7100630499741243,0.7627464560361882,0.6882657005660727,0.7417692327436076,0.8191650082760553,0.7638848661107781,0.430965733424082,0.24298560742237088,0.3434303993320403,0.32334017515596414,0.25305768063386763,0.23599181591046622,0.1603681037955584,0.22268872598637424,0.2787496649931806,0.30314826438103565,0.25180983296767984,0.33650370099851984,0.32792673253838805,0.2112771981117243,0.3429704112154159,0.30666571669117726,0.19953847544046202,0.25716313587500966,0.18557375509870336,0.2606683982675965,0.25091211806154823,0.18409272424813292,0.21920405367671947,0.2919268234883016,20.64610715873886,18.05505995449657,22.3250733405975,21.850269321179606,22.3554117871145,23.596724249893764,52.49928847648898,4.537281964830902,4.2855550908439595,4.6098745062513915,3.5926209013052635,4.237018332941321,3.5844086494298963,5.287217987576592,1636.5597145951517,354.47379933534313,3456.012641059028,857.4984462534876,0.08229950327932099,0.03575838236813081
81,Pharmacist-North Memphis.mp3, ,161.4990234375,-110.09919712701696,56.69060133962122,11.88252157766234,33.27252035634017,-8.215542348734115,3.460773346508727,-8.516809890207684,-3.0209750932997754,-8.163395006830493,8.267431101842243,2.630318618034599,13.145053238389485,11.037682588074219,100.56536844974197,31.459690715270572,21.885582157691932,15.794304023321546,16.26294124024097,11.395865291896678,15.427755770736402,13.706883232528497,12.208993398553654,9.110095948481968,6.1996501208647485,6.240911934896751,7.6827030608353,-1.529317408690896,-0.06169903177457553,-0.004936804264470553,-0.08970750776409851,0.0333540288456227,0.06639007885597595,-0.026691843926752803,0.0626656257081777,0.05075466896142856,-0.0063219412534377606,0.031505462773184494,0.000511175990758612,0.025472996195916222,8.628859142519586,4.049639043322114,2.6514122112725587,1.6968706097016704,1.8929454520462705,1.2623359704161394,1.6594153730034096,1.2037181485680082,1.1433140332601939,1.0426648430694725,0.8874391231814626,0.8844167094871042,1.3068759400491874,0.13969717687283356,0.08153553464785405,-0.003335228070715891,-0.04277185020792886,0.07970067437229401,0.0013608506912678863,0.04187036657840284,-0.012285168475275972,0.04238924340892549,-0.02350335278013652,-0.007708655804665874,-0.01777032173673815,-0.015107958613144649,6.412658216989645,3.090827726891067,2.0809127100645464,1.420482101121084,1.4602136124865366,0.9482577979993051,1.0760386218932934,0.8461713206696583,0.7322916413298919,0.738314146393165,0.6970518136248091,0.5746199058451041,0.9233237918009382,0.6803557796886673,0.5644078776240349,0.4449343602129914,0.4347634725976896,0.476913272768236,0.437564435262624,0.3855297156368141,0.34671147872642094,0.3490760453271013,0.35250429765545527,0.405563573387486,0.6242946943923554,0.2837312483554028,0.30795250905109944,0.3067389774836509,0.3273531936404203,0.3354212868548505,0.3101596862923462,0.286431779520558,0.28472507340044745,0.3024404184274602,0.29861291789026057,0.28599205603077066,0.3373376796501401,20.021077543381498,15.973784558714904,20.345679169635314,16.79381997535153,17.061558141540477,18.061189222432976,47.29018384660029,5.693293767082689,5.633825502388677,6.267897078515044,4.401703101510154,3.54508692702988,3.8141788630691793,4.308907560912896,2613.9418441515595,1028.284647722586,5476.810709635417,1909.3933818359037,0.09339885947145062,0.09826133659421067
82,"Pietro_Mascagni,_Czech_Symphony_Orchestra,_Michaela_Rózsa_Růžičk.mp3", ,122.021484375,-232.02096703611775,147.29011036437234,-24.83448000932917,40.31810013747509,-0.19973938939748,4.51845252605868,-5.367324235538642,-0.980478305093668,-8.003366382309684,-1.7661988362669947,-12.658155114930352,-9.552422178472264,-7.485252956595318,35.01466054024684,11.136631703627017,8.151451102299383,6.30988452263036,6.059520940453999,5.261997185205883,4.889410308176567,5.0056550345464395,5.26195708309553,6.379342107360396,6.275480901932738,6.880470772864207,5.373139822669574,-0.6844033673836815,-0.028253427157638428,0.05992371904703984,-0.02847400592226121,0.1112087979074855,0.001532404149061838,0.014359554656375962,-0.07885468902963179,-0.07799009632597316,-0.03503289201115776,0.019393461181517736,-0.016833385340524493,-0.02440260452495738,3.7182080922633234,1.7170505507054596,1.2119468143758754,0.8588922836684656,0.8483504011653591,0.7529086393417516,0.7473824941325677,0.7138341700387448,0.7378829161571279,0.8320941272504695,0.8957959028106707,0.9313495555902689,0.7085965605632972,-0.12166699535306114,-0.022642808393603997,0.02247898448955693,-0.029586486115420734,0.03728449628594975,0.008319864657500552,-0.009271209389776174,-0.01136876863533815,-0.0017827411287681227,0.031167757169941416,0.04547575456923863,0.044966219868158845,0.04606552516472423,1.1333229481946316,0.9843074722085937,0.6282850556283083,0.5568111993320152,0.5238876110017087,0.49655093733846156,0.47083824304783617,0.49141276434536,0.5259126218402476,0.5868965970356848,0.534476354333553,0.5563963803531767,0.5478821519419546,0.5035093765372388,0.29108688088110934,0.21454536114003,0.10849037186032805,0.2112415289466074,0.3611967444181281,0.14662747362919257,0.13694825664667104,0.18857840599885992,0.55215507746677,0.2844771463729378,0.2559368634599341,0.28729357585351173,0.19210811903718547,0.24501364704588516,0.09000566157549021,0.18049005656880193,0.2734898900104831,0.11743483385159732,0.17539139847817156,0.09254973197267162,0.27581123965126964,0.1746572699877497,0.2101525753276411,19.183820679422226,21.48994079441769,24.755509370060068,24.59836983370465,23.97517721409211,24.984444402925195,53.509345797071234,4.771058852638299,3.7638992367977218,3.731409102874585,2.592809299552315,2.185346770941662,1.8580656106994013,4.350763208854882,1243.5687913941158,159.51258680066516,2487.151421440972,351.99221051934614,0.058809256847993825,0.016065857302807157
83,Playboi Carti feat. Kid Cudi-M3tamorphosis.mp3, ,143.5546875,-107.22524443259579,66.3903279300825,38.49899769243267,19.497997919626442,3.143525298546861,18.174932330064934,5.906680993919756,18.14964639275898,8.98414460523629,10.634983446311068,5.056459332367888,5.748463337344151,-2.822155134867371,77.13830645238524,26.821909113597005,24.6033278753149,16.255837481989687,11.49047277708687,16.08552633101877,10.497175280393606,13.789075899705509,10.93340232009286,11.312792524568389,8.563962536675115,8.55825834450522,7.905985675552166,-1.2409462399082258,-0.16178493960641963,-0.35018528902753726,-0.15566794030486178,-0.0706111576040218,-0.3357607889492898,-0.14754043461720423,-0.20390182310991264,-0.13181916770329813,-0.24756629786879558,-0.0461887553733785,-0.12800988600658322,-0.10313503254552797,9.249582465740454,3.493353832865669,3.7083014359066713,2.4047602458564814,1.632057983864988,1.8190996619698734,1.3608212736092724,1.663866624223031,1.6271202414899442,1.5896937524239216,1.1695225344670896,1.273111963889156,1.2124122847436583,-0.16322618034196856,0.304055134928929,0.037950103651203305,-0.0344470064241991,-0.002484573110259701,-0.03521190316812998,-0.07872163356758977,-0.09166835446178734,-0.004733169336377838,0.024671105531412236,-0.013212681392798442,-0.04923974315888812,-0.008137948993941263,6.995554213437583,2.4664030560708325,2.4709001605863263,1.6899101050705436,1.0438571825206469,1.1418005259575768,1.0855768413011944,1.0681258407098813,1.0894031362731822,1.035154723107294,0.8709530651337257,0.8331597374639709,0.836710341543681,0.5736528943080087,0.525567249527178,0.5622827406731192,0.5497178383872924,0.5297554929461905,0.5663596578775962,0.5698087495050314,0.7196105678600294,0.695938357922398,0.6638093207686864,0.6309454211028133,0.582571155719321,0.30360406615554125,0.31067632672642687,0.29374190374554515,0.23300978329280164,0.24090205912535298,0.2619076109036463,0.22952114866003823,0.23894977954942398,0.23636590788840217,0.2891062999077952,0.2413570998795763,0.23269136389163245,23.31285901726999,14.811120604521514,17.487042017889426,18.21400628414081,17.58348848127836,16.732461988823687,47.7493350913661,5.7009035260458205,4.509193836622139,4.579822375151829,3.521299723097872,3.7781090905668315,2.392832415749685,4.584585717717032,2456.412950916353,837.8225003255799,6361.366780598958,1398.8183006142917,0.04188669463734568,0.038176447204114436
84,Playboi Carti-R.I.P.mp3, ,116.89453125,-126.6020704910711,82.42990828517043,8.677348574370514,22.391018690426407,-9.538518432182846,8.702702668713934,0.8127781980797463,10.003329995835635,-2.1408164882687504,8.433187184142477,0.8143888097486377,7.20546596823835,2.2535730087554753,65.62518994220176,33.21437547949619,23.657810811143435,14.927455139070977,14.14550257752233,12.656878117527613,12.771506870269436,11.137224577874193,9.256212117912414,7.69581567278199,7.4588748314279405,9.527454947476201,7.394020802591439,-0.7063061227981736,-0.08120429096168574,-0.09070052231236557,-0.04457773847317174,0.03137722873577365,-0.07312853658790298,0.025274097681423524,-0.08253028104369196,0.021278117839419453,0.017351079079678946,-0.08190293599029336,-0.10547205390132687,-0.037650538838388,8.04613721572952,4.722893386261901,3.386142332867546,2.3081607983882084,2.2816273159834366,1.927430416625626,1.9758405625067048,2.011526203939376,1.343035857041191,1.1189850843847708,1.064469481366545,1.836112447835321,1.3509018148299496,-0.14344192244238965,0.022070697362155275,-0.060811559715664674,0.1148879098264719,0.034296493539313584,0.054579130685054635,0.054698849812632906,0.06649831195709004,0.0018879599771519859,-0.0433048150573288,0.03860178047196112,0.04816232102687391,0.08509997994621732,5.513467773564898,3.0994614689098565,2.3018599438808454,1.7697723380341952,1.4205525663127203,1.1643658070714709,1.2940281363842783,1.1238465507397386,1.0104946457829989,0.9101925530942063,0.7828306854900541,1.1018535840030124,0.9230434783000233,0.4091934255866138,0.4576653615315733,0.41176656742269796,0.5512267365810221,0.48681426395512656,0.4923038624994525,0.4765806641648121,0.4060403570607534,0.4208277001578855,0.4585761037269998,0.6518865192113559,0.5357115887835576,0.24340433876790982,0.3141616487203238,0.22639916469417498,0.2986687851691227,0.24973419408562983,0.2544353950291134,0.2477068163768046,0.2241443520631697,0.23935369869312662,0.2183353251201201,0.2700949437283161,0.26037396826739784,23.755612837584824,14.819956825420078,18.53926109039821,19.509404952056702,18.124384245155376,17.801372614947756,48.12013547519691,5.344182182206338,4.394232601923304,4.556180588410746,4.775086900096923,3.441549569170931,2.7667815315257713,3.7730980994919023,2458.276646752776,833.857986078783,5359.674072265625,1549.960314940263,0.0792552806712963,0.04865870572565246
85,Playboi Carti-Vamp Anthem.mp3, ,161.4990234375,-85.94719232342861,67.99076417677198,34.01777700840691,21.942293656828962,9.304137294445141,18.417781646788857,0.7748593490248844,20.13578913714967,1.2492211595361615,16.302509593788855,9.379132620898295,11.61395278669618,2.010006120635403,81.27843538185094,42.15854193400032,36.255691816628655,20.99588193100136,17.701998719838016,17.915660497533214,13.308281071692832,12.649011348560357,12.521220984254816,12.276863411290181,11.82446566469421,11.646139293150986,9.791244425432627,0.8335729652647803,-0.24876661191659943,-0.5530228467290232,-0.39603374475314296,-0.30920635654165607,-0.21362082041616057,-0.2307650433036924,-0.26857385657103244,-0.11729375910255369,-0.12848185278966814,-0.19504763446039522,-0.1475486251335867,-0.10341587112526651,12.939693984999982,5.2074745824746955,5.547442767714784,3.3081643493473982,3.3125410935258253,3.185962274624489,2.1663459480161125,2.2432303292139615,2.0077768136181144,1.8595129822641947,1.9824085690915174,2.231516914562798,1.5621245451011443,0.016087138644465603,-0.046278146155937394,-0.12411293191519095,0.030886808985177382,-0.020111388509610188,0.08987949297039044,0.06378573238171269,-0.03815202436979032,0.026567522812215038,0.057592318397601726,-0.010413464510893847,0.04641242152695072,0.04782220942865092,8.015070395425903,5.318847165727202,4.134179797643172,2.338274892325973,2.075566296947796,2.1766312645171575,1.7240107073120132,1.6043906880381724,1.805560008805757,1.5916849160190722,1.4305573359831072,1.4920710431673132,1.214062323195099,0.49945012673471173,0.5154860794478108,0.48725753188001014,0.6074638015728582,0.6925174419374355,0.7017274399713417,0.7045457359276895,0.5832145217530154,0.6179422922403678,0.535799549424009,0.5421949821498452,0.5624195292913988,0.25014845838021965,0.27586367452972294,0.24511128765371484,0.28089798314121683,0.31177527469597816,0.31844393196219695,0.23648601069702316,0.238785395999485,0.26730277906111904,0.26877569969588305,0.23871376211721676,0.2572494954942148,23.054505104935554,15.076023679511104,18.496942599856244,20.745893546412393,22.667685534785676,22.069577719953276,50.52656121731718,6.068007807322764,4.41972786269639,4.716332959226114,4.65879152829061,5.029457721513556,5.544219833233538,5.2270503118488705,2517.203190528437,1262.9303447296322,5703.74009874132,2279.0998789578307,0.0627637321566358,0.0899023628803655
86,Pulp - Babies(1).mp3, ,116.63818359375,-63.4246701547577,80.21819503071868,19.911398079062316,17.584291561564182,1.3799480872205745,10.575899761032176,-8.396606046085557,6.378556280868289,-5.238179082384356,3.9583247125976615,-2.805445919158282,-0.19000825745823935,-4.338245251951855,103.92889361951677,18.181440750302983,15.769154455227271,9.932047218349611,10.069292903929055,7.9402656023398235,10.262529922388657,12.160365930471523,9.504127487845254,7.394388747864549,7.084178780588302,6.516973547247898,6.861460415730335,-1.322376447643533,-0.18951442424225173,0.3058689911964774,0.08484821803982795,0.14949074037154608,0.05536434128607428,0.1384933613539662,0.14255946692521973,0.11532468359233283,0.042928448605874296,0.10138937267792818,7.459494992400767e-05,0.012583205519520024,6.284176446435708,2.9026844123592936,2.2212778736217156,1.5266691528614142,1.4247281302050148,1.26967619245699,1.2534972280577235,1.321342873408229,1.4402015012335034,0.970093111697126,0.9683616078538538,0.8417885036835612,0.9017689577020288,-0.1199729855863642,0.1410669867541457,-0.05814354618821569,-0.024315780056008124,0.0034035014320613296,-0.008922693633652626,0.03259138226578081,0.03511913460938053,0.04314328866355397,0.009388475563164432,0.011272907791009609,0.00843359506689012,0.009015953504404248,3.307673792241511,1.795376839361742,1.5668617218451086,1.117403018292152,1.2954883159893096,0.9416435133507046,1.0885977506716544,0.9822355738420279,0.9937901069100009,0.8770509244577251,0.8379256191887724,0.6846345349264763,0.6361326746548125,0.2257699227265232,0.3928148814155088,0.5477013132063511,0.31117706845893905,0.2358541990181914,0.23734089441491105,0.4080284595242299,0.435319722677512,0.38864894871266537,0.6224045277469689,0.3095981003256676,0.26414351785385887,0.2047353494203227,0.24215864987483862,0.30977685180793785,0.19992968403655442,0.19467585902010642,0.2011456312299079,0.2929670821540106,0.3522929140146509,0.21016082491471677,0.3063419291447349,0.21242631313389715,0.2727724842707786,24.2328336997969,15.129624345882823,19.20094487249435,19.44664108395368,20.48782943912656,17.726309709679423,48.59639898846857,5.022893756278538,4.044049208748972,4.355322763168259,3.235710134275243,3.760976693322363,3.0055127452773895,3.8952540298749483,2653.7014827277017,678.5838939477857,6118.353949652778,1296.0058075615848,0.1138162495177469,0.059194555100603154
87,Pulp - Babies.mp3, ,116.63818359375,-63.4246701547577,80.21819503071868,19.911398079062316,17.584291561564182,1.3799480872205745,10.575899761032176,-8.396606046085557,6.378556280868289,-5.238179082384356,3.9583247125976615,-2.805445919158282,-0.19000825745823935,-4.338245251951855,103.92889361951677,18.181440750302983,15.769154455227271,9.932047218349611,10.069292903929055,7.9402656023398235,10.262529922388657,12.160365930471523,9.504127487845254,7.394388747864549,7.084178780588302,6.516973547247898,6.861460415730335,-1.322376447643533,-0.18951442424225173,0.3058689911964774,0.08484821803982795,0.14949074037154608,0.05536434128607428,0.1384933613539662,0.14255946692521973,0.11532468359233283,0.042928448605874296,0.10138937267792818,7.459494992400767e-05,0.012583205519520024,6.284176446435708,2.9026844123592936,2.2212778736217156,1.5266691528614142,1.4247281302050148,1.26967619245699,1.2534972280577235,1.321342873408229,1.4402015012335034,0.970093111697126,0.9683616078538538,0.8417885036835612,0.9017689577020288,-0.1199729855863642,0.1410669867541457,-0.05814354618821569,-0.024315780056008124,0.0034035014320613296,-0.008922693633652626,0.03259138226578081,0.03511913460938053,0.04314328866355397,0.009388475563164432,0.011272907791009609,0.00843359506689012,0.009015953504404248,3.307673792241511,1.795376839361742,1.5668617218451086,1.117403018292152,1.2954883159893096,0.9416435133507046,1.0885977506716544,0.9822355738420279,0.9937901069100009,0.8770509244577251,0.8379256191887724,0.6846345349264763,0.6361326746548125,0.2257699227265232,0.3928148814155088,0.5477013132063511,0.31117706845893905,0.2358541990181914,0.23734089441491105,0.4080284595242299,0.435319722677512,0.38864894871266537,0.6224045277469689,0.3095981003256676,0.26414351785385887,0.2047353494203227,0.24215864987483862,0.30977685180793785,0.19992968403655442,0.19467585902010642,0.2011456312299079,0.2929670821540106,0.3522929140146509,0.21016082491471677,0.3063419291447349,0.21242631313389715,0.2727724842707786,24.2328336997969,15.129624345882823,19.20094487249435,19.44664108395368,20.48782943912656,17.726309709679423,48.59639898846857,5.022893756278538,4.044049208748972,4.355322763168259,3.235710134275243,3.760976693322363,3.0055127452773895,3.8952540298749483,2653.7014827277017,678.5838939477857,6118.353949652778,1296.0058075615848,0.1138162495177469,0.059194555100603154
88,Pulp - Common People.mp3, ,120.4833984375,-122.46890527705581,101.86063846173109,-7.711158954250959,35.11012700540416,5.008920883001001,18.02300377493655,5.998118659803345,10.498874853790541,-0.49085942002726196,2.984534897554068,0.06441021871603574,3.475634405458415,-3.2512939432520924,73.94494689636831,28.95594451825828,17.706387258886526,17.487285617355152,9.223507176283464,6.171294973840993,6.0204278052847355,5.807679177251295,6.656771160469494,7.478780380667903,6.018147554556141,5.712417897459944,5.645929540433372,-1.7301309031705994,0.02711681170384744,0.2015875958425085,0.05342400676117848,0.03616841171902639,-0.03338837206225704,-0.04766476524988029,0.0033647346778853254,0.10912964646711681,0.03543917831704654,0.005727964667545885,-0.01874073956127244,0.07760559355252263,4.668446950432967,3.4052124574201184,1.8031042736411191,2.031819940170051,1.0891953384831823,0.8560810660895255,0.9045331371746853,0.8264324848658449,0.8773550875754982,1.0130130986834363,0.809534675889812,0.7649785570208668,0.7205661334712244,0.04154159410649703,-0.10842851942683925,-0.018932954599379482,0.014123518718406558,0.06716139826285479,0.013041819615381553,0.001827344956612328,0.025422553154194356,0.01430344050944162,0.027356286765288926,0.04475714005371786,-0.010234752050332982,-0.032373359005030154,3.264202270687058,2.38224261187932,1.1760255800847386,1.0706884071925569,0.7982866023357849,0.6505893633777057,0.7221971929663077,0.6226404560131563,0.6679206470028172,0.6735467533371788,0.5887578431293581,0.5835272745685371,0.5969302557434921,0.6888692902952984,0.4364285509929889,0.4092464602126935,0.3088700779725188,0.29414513554527527,0.2736323109258794,0.3044016716691355,0.5266974920659889,0.32792522193703016,0.2101958781124357,0.19570498578940276,0.3980288639273724,0.2875033354964351,0.17241868181623357,0.24887255650951512,0.18010830235025246,0.1880668160739566,0.16466718170647868,0.2075264582579759,0.31410835401529524,0.21823280438978174,0.18321058189810233,0.13248798942513781,0.21118097318978338,23.398041810828317,16.969598663168515,17.732817843245204,19.24113255944079,18.892616587712965,19.065075677082667,47.163902725950834,4.776199375247978,3.7214592462029104,3.555904942500726,3.4533698992216206,2.6745557166716103,2.7342037470946763,3.7822387572289515,2085.8342997086993,680.0567114453023,4363.663736979167,1355.1942071234043,0.09724181375385803,0.04676245827051043
89,Pulp - Got to Have Love.mp3, ,129.19921875,-152.4290857565026,108.9719452828537,-16.090315189074587,35.78487075221391,11.762128286891516,8.71076692548799,-2.3299004925805846,5.907421935027764,10.797746583451458,6.58353252488154,0.03025146693359182,2.251772808669894,-1.6928449306453082,96.74128583929227,30.796466867683176,32.573796210137424,14.524091743093285,14.972561195860877,11.38098655081121,10.304171936577085,8.641518696936949,8.912791393166952,9.046550290626561,8.782398731818454,7.174686758976631,7.9550150840033425,-0.6480889128302627,-0.5091227391895689,0.7459884040448584,-0.11815500245754747,0.09904173907089438,0.20966472541827155,0.10463460365218329,-0.008837873472567695,0.01930269678080179,0.012603787143346793,0.10318546574332832,0.1345035587491347,-0.09320049897009826,5.799115341476043,3.7067280207505333,2.655231606633471,1.7572600377693501,1.7168354997015196,1.3388956204315818,1.1772503194730295,1.2109790075867835,1.6072400120446055,1.2312390557734634,1.291370387504048,1.2978874689094682,1.1041235132319664,-0.12333200134359945,-0.03454027992937668,0.11927852608057969,0.056137160732221136,0.01975744055012057,0.026311418332625177,0.01021308187585048,0.008138536978268674,0.017856929344872447,0.03521772893576849,0.025511666715402375,0.02442498123963122,0.004996922643952946,3.335895964504376,2.8101840460426857,1.9195055043515972,1.2050402691262814,1.265595779864772,0.8235794132691976,0.8399866634375126,0.8454915232582266,0.8792215887012723,0.8247800120560989,0.7635445487371175,0.8419820174468123,0.7313795972616889,0.3812309274346464,0.27170006487012643,0.28548893453783275,0.27716210381599304,0.5069496626103366,0.3228275672831561,0.35987406672426947,0.494219535306372,0.5327555416611793,0.6879694622446909,0.4691495921773215,0.5205411894568874,0.2669833410528289,0.181981690175441,0.21916698518962555,0.17291230575096486,0.27404434306751363,0.2022829774935758,0.22332256799606617,0.27692896297635156,0.2669605169440505,0.32763362205722285,0.2369899802366202,0.26826759477506534,29.509336307382288,17.996135731622747,20.057559893674632,20.32736274791986,22.325142796041202,20.55535937199865,47.20880524167311,5.529185958565937,4.621608484706666,4.429040104541675,3.501705837280209,4.149117387645642,3.7253122468666624,4.8722670868090745,1824.5122460095772,632.6550384699941,3681.812201605903,1391.2353791346177,0.08893651138117285,0.0521076451399537
90,Pulp - Monday Morning.mp3, ,95.703125,-50.37031467033572,91.32274406633259,-18.292082810728456,40.35127823772253,19.9320722832172,18.19967993468414,4.410064946814084,13.518853302447148,1.9390789547268257,5.2167752084816685,1.8564827220491422,4.971528986675872,-2.665071559633002,73.97834851574676,25.328877743593846,17.214014499882378,12.696604899914197,12.647176473564484,7.077838780719364,8.406498659112833,7.475360060161978,6.6435077346927365,7.254489453402509,6.292219674088486,5.386647317003565,5.8665448470413155,-1.0056755360241771,-0.09715074551561963,-0.013091125266833425,-0.10161518897102388,0.037510297589584685,-0.020831634329321485,-0.06264937823289074,-0.06572037881217253,-0.06965246184852641,-0.02436992068154117,0.048491474341624125,0.05894829661252673,0.03886238092223878,7.115926878619352,3.687722930280513,2.908900882693159,2.061085906736451,1.7625127017894713,1.1677241180515494,1.2551161772755723,1.1242838356382368,1.0318680723560751,1.0518086794491253,0.8977014019359215,0.8255084028466454,0.8600892701576185,-0.3319709081156754,0.06020722659534695,0.0912085415703463,0.003626228698218862,-0.03679860972319327,-0.04975517832150936,-0.00969241333429782,0.017148483267203432,0.02761330343402037,-0.010911117133937408,-0.016986595452360715,0.02293137105664721,0.024601768005573205,3.828177741528021,2.2477750415785582,1.7339922802849286,1.362831341401362,1.1247658526467206,0.7981319526417515,0.961515918582438,0.7790856825806509,0.6764840253557266,0.7873573256067351,0.6945505026561397,0.6023632835551189,0.656174581090942,0.3980577855807856,0.6498127974178872,0.4718864590251519,0.41242962169035535,0.4401617431955665,0.4389489105856621,0.4935101448949197,0.4560499773073343,0.4827805878766985,0.4178347847752135,0.311755690338481,0.32586968618008183,0.22617976336091594,0.31224163195075977,0.2472055762346488,0.23480870306768886,0.2482687986245868,0.2467735144057348,0.3313278652854864,0.2897235365688211,0.24431855749139264,0.23740492177296668,0.21674693800696768,0.22228822871391044,25.365211112676302,16.37447257519155,16.810773385538848,16.09305054189639,18.439852808996786,18.146378873805222,47.292372054319095,4.297728448164846,4.173741140415471,4.070463859441976,2.916456075004083,2.5176819375686796,2.517820184444542,3.9209039336759246,2155.066580986511,619.9880026981567,4494.059244791667,1297.8026922899026,0.09201388888888888,0.042513581127604005
91,"Pyotr_Ilyich_Tchaikovsky,_Royal_Concertgebouw_Orchestra,_Antal_D.mp3", ,102.5390625,-253.61208461243427,146.68560303582086,-24.420345095940576,18.07598524770619,1.01401258122038,4.187253132646466,-1.9416563635990942,1.9744270498415937,-8.72881145692534,-0.826046771519346,-4.472347311767531,-3.076606808713189,-7.6578012020959525,77.38231867679102,26.92305099184882,13.952154563847316,7.634449002663929,6.485719734591259,6.119987644433196,6.102072800904545,5.323246958178451,6.345020247129981,8.124415539046504,7.404420831052156,7.469721863328778,6.336489216642555,-0.9333313766056327,-0.36078780184695375,0.2300182212011912,0.03589502043654154,0.04996417429428232,0.006786375533628426,0.051788083851095984,0.07320220634448313,0.08355587133764071,0.09350017712373908,0.10900181053166082,0.0014260159288015661,-0.00015106114248434935,5.8669012373933,3.3764896797111397,1.667196344730345,1.2646002066957054,0.9797585924664346,1.0312237755908786,0.835271250070714,0.7456885422675411,0.8779026537939777,1.2231420525960102,0.9971565935990133,1.1656799227405885,0.9272778378639025,0.0013525514966911747,-0.06334456607676399,0.05803910376400583,-0.044921974178129105,0.006770159132249744,-0.0007237034711848797,0.013641396686894658,-0.0009148606400287215,-0.008877335117704431,0.015401690342480798,0.014194045369269007,-0.031016247618633013,-0.0267795833698287,3.4095132863742132,2.00664022459233,1.161776773443905,0.7256516415271769,0.6648650902867084,0.6132538655870988,0.6495629912448598,0.5920406271713499,0.6629557914744224,0.8437247060956091,0.6575247938233667,0.8945405088155982,0.6492558299475774,0.28068589949894146,0.20647440768740957,0.3051008132730473,0.3114961086496435,0.3718152176991197,0.5205224351440039,0.3087204757655315,0.2876830882433066,0.25786108063119983,0.3965495358520175,0.5696320886505238,0.3097216454392046,0.24169807727550544,0.16263326573713488,0.24043588923846815,0.28566280458705157,0.21566730962118688,0.3242152756687223,0.21924690938066585,0.23862215008347765,0.16233961884583778,0.2171466188761978,0.3036769797797247,0.1932325393415623,19.643201442803534,14.530160463534328,17.343202144144488,19.82085979419927,21.18157135570715,20.2551715414848,50.245243664961606,4.421157127336805,3.416290409211245,3.6457614632380824,3.10609835243298,2.3474570110418562,2.5478829051168543,5.128545082574667,1405.9546455048173,254.09387846090115,2602.7594672309024,609.2032005624473,0.08042625144675926,0.021684537611415023
92,Razzmatazz - Pulp.mp3, ,129.19921875,-52.30950415465566,92.59234539962108,10.284395214584139,15.40240179259836,2.0856884985380337,11.928998307474417,-4.8741049391252025,8.139079392140294,-7.207187253751873,4.57735972226034,0.49509335083909994,1.687533572132205,0.8818110760335846,28.59493873584611,20.161099366206166,13.084045011711558,9.262475205042898,9.151987396111359,6.542495290779466,6.720268026683896,7.002278470404568,6.933791118026775,6.126595355972462,7.080863848975183,6.24201670416394,6.013213161352675,0.4298762904169659,-0.09861960599520876,0.1824031776121967,-0.0197933011014233,0.001906019940190476,-0.022067665313600483,0.036269353925434435,0.028566078777298515,-0.027951003371358474,-0.007198603675746716,-0.04722728191035582,0.0523338002572411,-0.019712726326147668,4.053093906555823,3.005438656662683,1.8682271578423462,1.423405247084802,1.44248495793409,0.9730393541064591,0.9766679153209828,1.0189397660252772,0.9039980424778356,0.9455595623673383,1.1634058792203321,0.9527378998281701,1.0576005054942381,-0.1684507103866817,0.004129542641479658,-0.036981076762413634,-0.017039522560267355,0.010808063235892272,0.027276670031341505,0.0297574037341056,0.0044434437482261365,0.01309124105085366,0.01814024759072776,-0.027733589062628194,0.019156441532282364,0.019150616721881418,2.7273542283645633,2.3351558697408556,1.2248049880842495,1.0869741121780223,1.1548989827701786,0.7304038067446541,0.7529367522658355,0.7687421262390811,0.716696829134127,0.7759530317778607,0.8985728267494771,0.725573436738328,0.7561296633259272,0.35154134546763,0.35021541515986127,0.5166205946517027,0.42777471415652535,0.49194397046633154,0.3562849469965807,0.3439009242179447,0.42773179388547566,0.34582970753588055,0.44302509883763613,0.31377980313091364,0.44457499237938053,0.22789146162736743,0.24312573662540535,0.3156644918212717,0.2513933190041144,0.3146589534308706,0.23655496516670596,0.2230760493308278,0.2924299771504741,0.20943929744325016,0.31454041988337916,0.20336847586262638,0.2789778939741727,20.975603453742277,14.431544907403639,17.671237060423234,17.1288107502949,17.252651367331552,16.555206295514893,47.07174935305696,3.9216598671480347,3.653063740770339,3.828481512954145,2.923060925583536,2.28650695753765,2.164306237753776,3.5767053382677454,2472.1482064455454,625.4227035064649,5693.006727430556,1248.1683217492273,0.10540696132330246,0.04417994155190227
93,rescue.mp3, ,150.732421875,-461.4913091777283,166.99771454893514,18.67582027411755,8.318365168309322,2.4095172420787954,2.5761298967732325,-9.922157046235638,-9.655598211941529,-12.274071364491073,-5.5955467071430185,-6.4707928185845605,-3.7172316868364077,-4.0431560569983205,15.618695697461568,11.68514238664917,8.218761990666211,7.439540925674348,6.573470339410805,8.121087964279456,6.581603637053501,7.2638318377728055,6.529520899176361,6.30035055123961,6.525488355638113,5.018501725553981,4.917651027980287,0.046600670911613164,0.06230843904066002,-0.08654899735191986,-0.06514296085677214,-0.04973363430946376,2.2680682804218876e-05,-0.03427585560676102,-0.052927679051343275,0.002903180738715571,0.07335944843865115,0.06040204616686053,0.048191654305687004,0.01818216205459594,2.1045143739078265,1.4198234250669401,1.143515457355892,0.8856240372149009,0.8283285937740409,0.8420550044087011,0.9258745951166708,0.851432115564641,0.8159952593035209,0.7583364418392096,0.7001433706101784,0.6216180697822299,0.6454354963615393,-0.013172133274273634,-0.0890498764347285,0.0006656806945102281,0.003981702025393368,0.0003223735918175934,0.009158880625891696,0.03793939388336263,0.032297957735998487,0.02938496495631558,0.02055229386438261,0.007455573583964581,-0.012651622721876511,-1.0851435136929183e-05,1.0111034731347412,0.8883403778407889,0.6618287538739226,0.5027369422526257,0.5391047376504304,0.5494597066918699,0.5835373977265887,0.5769464666669731,0.5779277388595002,0.5843318105715829,0.5281247633164243,0.4389709721112101,0.4145549612797443,0.35266308988305095,0.3920176117424063,0.576180821165362,0.36915037719621596,0.2568510844646454,0.40243687137559325,0.3493646681289883,0.32932207384483597,0.3136484330875029,0.36691889675142947,0.44504128673823873,0.3343917013553437,0.31914683234603136,0.24016817650740688,0.3063124552315482,0.23602352910575933,0.17188953571326313,0.3147551122228647,0.23949817029539133,0.2780297079280189,0.21830984007081225,0.25370526016410655,0.325457226294182,0.2634141023940168,20.491341004032687,15.848238310750608,18.865959471400938,15.36371903379903,17.324349444681868,16.393804333531723,46.71341879576187,4.310291625064796,3.7089420748391793,4.3430576284670295,2.5999729146375583,2.525856157762865,1.857841808375855,4.300249820765032,853.5680352651704,125.4511646744836,1352.3050944010417,238.49834635387523,0.045114776234567895,0.01130507144762112
94,Satoshi Ashikawa - Still Park - Ensemble.mp3, ,129.19921875,-490.2009636207863,159.6885022116296,20.754931459272353,-3.9110022823751707,-18.113709676136942,-28.09215349253313,-26.982028344163187,-19.182268103515664,-10.373714031697608,-6.017816865517769,-9.041192949967988,-9.236231245468428,-6.313676261975441,53.62681899163255,28.45087469737648,17.402740624728562,11.655760638508893,11.426736941230232,9.970936939065673,10.220685408385188,7.728295534211594,8.067651315150663,9.478215389492352,9.120233205133372,7.2108839962572615,8.022754760022002,-1.5940704980267235,-0.3530547776917732,0.07059808025053231,-0.02296721493181439,0.23698775557891674,0.16717474232499638,0.10214727527861135,-0.009559878432709315,-0.07707159197458101,-0.058596234415071426,-0.04161524675956896,-0.01929074843837391,-0.05428131792409041,5.633457362989414,2.8176518766043768,2.7917846768949786,1.6404871791757485,1.4564508502672242,1.1287985988807787,1.3040037135300107,1.3111857740695791,1.3469750435601944,1.5299015208753906,1.3862337147805615,1.1172627245211881,1.385225819748668,0.39510037650765256,-0.17561826139852335,0.02935830371657007,0.03765248205641394,-0.009465649212354127,0.04448990786576034,0.006758201414076785,-0.028015528121973204,-0.012338184562866917,-0.008400208648742625,0.004191066951916358,0.033704172019317837,0.018367186468956923,3.504797583819039,1.7360398279488003,1.5968399438906253,0.9616784740497071,0.9695161860274996,0.6936923709528551,0.9060395648960925,0.8130956664891986,0.9310432239496983,0.8753781978000457,0.7496621008326897,0.7192561300573245,0.7779475631340937,0.16990005301385627,0.3615735913253171,0.17409009809938494,0.12319112151902871,0.26263063965741845,0.15121090649964897,0.4085758651071731,0.09913642612185486,0.09908549487932132,0.4438314032938509,0.19617245393340985,0.4217866005233695,0.13478358613723407,0.3309783773549515,0.2352318670678919,0.16588710283285105,0.30623652414490893,0.1452955587447817,0.32667533005344096,0.1237549426596632,0.11173699342566785,0.3568012499876488,0.1380290290942725,0.35995427134668284,20.201919051991258,18.952297257903314,24.547937378446864,26.50684140765222,22.53043194833757,18.254758793810726,44.84360055600708,4.612992688090854,5.2301683853967935,5.037473395325981,4.36850439440522,3.8001710901658847,3.2627943588135238,4.47297338071017,1056.0455348391617,487.42429611545043,1558.232964409722,1157.9611049145044,0.0643747588734568,0.03857615137047609
95,Satoshi Ashikawa - Still Space.mp3, ,129.19921875,-561.7167735158661,118.66827592731994,53.352157835975106,24.29814606601441,7.968175705660272,5.149029051908005,3.3967343287335496,3.246690674512474,0.612965951455228,1.093391236147763,-3.700594542099646,-7.507657591759423,-11.819357662427203,41.68737555638345,22.42500394341283,14.359927030993783,14.613991729876966,9.919335447784544,9.654394331405317,7.59928228267646,7.11205523618208,8.133738188251325,7.866241846260709,7.123825945351389,7.420255249865637,8.479931668301226,-0.4257449849140773,-0.0650869413087846,-0.0409147411895295,-0.07941677897735959,-0.016766448385641092,0.005323189550027665,0.04811169765458476,0.03714916559854626,0.06277962404814906,0.05900913430521565,0.024767311381080532,-0.08038817918183926,-0.1847343707922846,4.227230053613487,2.4419016715087665,2.421780756070082,1.925436434681331,1.08165922413098,1.074131078959798,0.8821239497788428,0.9337671290611308,1.1909094514192151,1.151040977278995,0.9325199799034896,1.1041367826276784,1.1529479643119438,0.252653958319031,0.04624212287613593,-0.08635233496718199,-0.015613029154023315,0.01548742886307868,-0.01567023916760701,-0.029754414873479375,-0.03377981163937897,0.017454335611187102,0.00039392913387007594,-0.01587445822826092,-0.03305992315937247,-0.02830169170111832,2.7941436020632544,1.206171505700296,1.500542386475848,0.9278839609764811,0.6094412257285963,0.6094453770353825,0.53991201352431,0.5206651208575387,0.6448300386268967,0.7278305410003721,0.5795527406761521,0.5695513726064159,0.6453474989433478,0.21049762151521723,0.30608394857356724,0.25914394921355666,0.4008823152932373,0.2644280000154758,0.3410651283933655,0.23967126099200364,0.25968518179559646,0.5536269039342491,0.31857167551779747,0.3404894192614769,0.23250765402547216,0.1608279875547786,0.261769485219002,0.16567945353142075,0.33289265365159304,0.15049444292988165,0.34188363100348923,0.20435921515921876,0.16439221713766622,0.3445290732439048,0.17574891045097427,0.2305837375421932,0.1652780970393278,15.49190267524915,21.156548708149955,22.306369165205894,22.18661131084683,14.760832931322854,14.11468682242822,45.0429888151614,6.11187827280938,4.139213891015119,4.970963010504285,5.26860443071162,2.5403671988829597,1.358486446365397,3.826041252911818,1344.1807582088281,392.35400466230675,2748.30796983507,878.0284024236447,0.058884608892746916,0.031170221458235548
96,see you soon.mp3, ,113.04931640625,-511.0635621812608,179.51021300421823,56.92383301405258,9.979629178841908,11.213200390522864,3.5373533317520294,-8.105720386598948,-10.232988839716088,-10.366057878705085,-12.846115576356281,-11.831264467702972,-7.736243073311118,-5.956128911011748,44.20205545948381,35.363591512451194,11.679390205352945,10.038507631198396,9.787229764175775,8.746801075903102,7.461480645849112,7.882643571440688,7.71769030066513,6.456472168200683,6.181045748979995,6.90364581511155,6.667736254737597,-0.7839123510402041,-0.3938761565871651,-0.047597436053264476,-0.05571167867193803,-0.05585913065056328,-0.04434793878542145,-0.034870074956820145,-0.0026876248942435143,0.09646661426256882,0.13568187835784398,0.06731760989799866,0.017354547687487124,0.002810319851118105,2.2939754378593524,1.83544654585507,1.332565827779087,1.4302961059440726,1.0355072282181634,0.7805937130986065,0.7279864778310791,0.8437122665212482,0.9067142442481423,0.7872113770569711,0.7341063369165716,0.8185585312777149,0.7667363156833479,0.17325275828185158,-0.12056229512107863,-0.0322709403318399,0.02556757870802863,-0.04455088284211578,-0.013760075795199769,0.02164020464750385,0.03363916953238027,0.04830393349222931,0.03602063701197758,-0.007035685954672962,-0.006070717435328716,0.022104187779427496,1.710461559621735,1.408099151940706,0.8693579874649995,0.9984619934442288,0.7931230614763717,0.5842335672957869,0.48426011098943106,0.5257077418757896,0.5315722206464019,0.4712413315287156,0.4373563984899147,0.49221534046722465,0.4874227152399682,0.29990814392811355,0.6159255750776257,0.28232365541726373,0.1981377060953413,0.48619892287504984,0.22727865885000353,0.2187632755635099,0.15739303681366887,0.22555187054590706,0.3833970229916079,0.28432414612163687,0.34044988465532783,0.15722996633357594,0.34004426277149125,0.19604795572880832,0.1326595702053631,0.3718283624398997,0.16585451110235333,0.20118431472273735,0.14138225488135187,0.19576355673510423,0.30728169831631325,0.17612269683887435,0.3055944314902335,20.94830074938309,18.770236420938367,23.004454710341275,18.79407598522212,19.009536340612637,15.289445948598848,42.04405712255442,4.906425722909725,3.7757068449120212,4.039170783127647,3.439369025457207,2.76087390721244,1.955368920261981,4.308932103435311,512.8036446931426,211.07515169192595,725.815158420139,576.9454733052944,0.029003002025462965,0.005353675974356212
97,Shiho Yabuki - Tomoshibi.mp3, ,122.021484375,-551.0568671520846,122.84163356209059,-10.677460334137265,-12.479179581282315,-5.1745024517546465,-8.539624623540375,-6.7829621268643265,5.527541104474186,-4.147568141512664,-4.465957263231645,-2.6361601890329225,5.3601980760670545,1.4997301239198375,71.37518106139093,38.593556390328224,15.6578414821247,21.443157373513923,22.21867892733636,12.972325574356027,12.78271038889835,13.24518988064006,10.08942904322713,13.567583208322313,6.850408502275205,13.41143525371406,8.44371679928509,-0.9513175291336936,-0.151824569022053,0.08873250119439842,-0.23593314551427835,-0.09973731582826591,-0.09052295696614081,-0.13123366681786677,0.19514426467805698,0.16022742512624388,-0.14094542648447791,-0.06897231701468291,0.10388725362703734,0.1005577578962739,4.339876502491443,2.3166762458917023,2.0259000303712384,1.7123644315536677,1.6075730627635878,1.3081374358050644,1.8129685903739123,1.2143973194192081,1.3129866702839466,1.1956021028965367,0.872778596809459,1.176302619978791,1.2624619578315983,0.12273754259387543,0.046399651007600316,-0.06545441474961002,0.06784361258528575,0.022001554065579434,-0.040741852645612794,0.03843193515498524,0.010411849890024985,0.007592031611474576,-0.030562069405547204,0.0005540153766942004,0.0004490058938110321,0.0018321216472188858,2.376940887238596,1.1442612244093986,1.0939006002268645,0.8340354120966667,0.8583882963133259,0.7682775276508783,0.9949269905269867,0.7314416681354889,0.7485485280494794,0.6562625883893731,0.5073152326216003,0.6084598482870573,0.6387435135102,0.22428967691476032,0.19448936016360005,0.6150821899800126,0.24515383449337,0.05803864121584029,0.11296172333743891,0.3023514022420891,0.15185308850319687,0.0765432818314164,0.19779103883815374,0.10791933962595246,0.1474944261144067,0.2761953188466963,0.16180860892254115,0.3818204923486674,0.21695192820727036,0.12510585676625888,0.19289397975906164,0.19810490462492833,0.10038380092499159,0.06362529439841015,0.09778586836554999,0.0902559944303623,0.18867503573431796,14.418575724967859,22.14993578366624,26.43722807298865,29.112158238534544,30.914488032257804,18.45601970582081,45.50662018284771,3.8095116377301,4.6221548535089525,6.654939680602481,4.828203641170986,5.128337106494553,2.9393996050956823,5.6160388881474965,1546.9091739534022,695.4177214672128,2327.2806803385415,1220.0996989121484,0.11346963011188271,0.05849300232972151
98,shimmering.mp3, ,129.19921875,-509.3473378876109,174.03471384519412,3.357949183196014,-17.992322090139357,-10.068988195907922,-20.524168167769176,-22.74200884441351,-22.243697667931333,-18.291707317218368,-8.795758334666859,-5.242329847665481,-1.0848006572758344,1.1739520827929184,46.96130867678168,28.306742103037013,15.548005158110906,10.845985341265523,7.173304414249597,5.838659944756255,6.854684651424312,6.42462381821782,9.365017442936688,8.328927497895839,7.25293759945939,6.365705252780565,6.79224911671119,0.027115425833696378,-0.26585797223774144,-0.19704876392706083,0.2258508698526126,0.11424436756944352,0.06232719507965225,0.06383800642265951,0.09415064880194683,0.2044222487271821,0.19941057071390125,0.0807386282314029,0.06266738858719265,0.09469351660852597,1.90323414495595,1.3207156811889587,1.1982201159658366,1.0581162657003487,0.7449989385841574,0.8147928833419321,0.8027897510633758,0.7496163314866134,0.8405179853692296,0.7497551387073026,0.6455758901957042,0.6776600496804238,0.7354446588368262,0.10636811450994745,0.014652808136479172,0.06356315804288987,0.06766256112547844,0.02607975290501835,0.022869006794842134,0.04004060581221747,0.05567597895918162,0.06702535925576762,0.06119517110220593,0.022740515119005943,0.03258288742555449,0.05205751788611294,1.1151898101964208,0.6500890134625072,0.8066061542647288,0.5796927864783572,0.5109949975485126,0.5433403621857934,0.5377665500850134,0.48219002339873307,0.45197623944607557,0.4321793016354533,0.40232028894703037,0.4481865438120723,0.5002353453707327,0.24727399272694725,0.19551670670158652,0.5827791907017573,0.3596411320340624,0.4984321863502608,0.2474407926568313,0.27424218987343246,0.23510419728866253,0.11221107101085147,0.14434755335017224,0.1885836596369318,0.532451080718871,0.18152733631483797,0.11803734674564574,0.35516673823641903,0.18923986123574418,0.3490359890359627,0.16562954063981494,0.17869367161922642,0.1321950208111407,0.06021108163333538,0.11723918332362333,0.13348250957355548,0.34851251048285464,18.378116252559792,18.71718224951457,21.28908795838752,19.851377169008217,21.158591659080376,18.1168418191756,44.3279559015897,3.6943660034633403,4.161554442551935,3.4786021805007756,3.592156932508923,3.6320407217382047,2.6852702983111256,4.57815319116312,875.0475867467236,426.06214509914054,1456.2160915798613,981.0653561734586,0.044628002025462965,0.019673584031144442
99,solitude.mp3, ,92.28515625,-424.2954974233368,187.47203179347662,33.46569163416639,25.902901650854833,30.148846843360378,9.132637747689898,1.7254730276303525,-2.9689836262920757,-5.653044111405809,-7.718673839245313,-8.71229845966086,-8.110750577608009,-9.695462725504681,41.96700966707613,17.61169266008606,21.809698021290085,11.461975210040753,8.878558634523904,5.865246448868123,6.529164683154625,4.883598598919195,4.259032352865464,4.9455979388297875,4.695776930206208,4.605467189079184,4.223059910802582,-0.36704108039783834,-0.08462755989145347,-0.1922080504167595,-0.11544947802623802,-0.023451918904884444,-0.033015302384206115,0.03375764565404367,-0.03972386109505608,-0.04318948620556636,0.05004738782709292,0.006905743231376012,-0.016613562316684063,0.00027041898589052457,3.384229349293179,1.3237745889665884,2.2998115352394364,0.9745665911272804,0.777049186178609,0.6976110301962756,0.698846282973828,0.5484949360606199,0.6467385877782766,0.6230891125486678,0.6601814230266846,0.6678800062570872,0.6342883286246788,0.22129907855982492,-0.1260390514780963,-0.040206926786427004,0.027386479380552765,-0.002199031335709868,-0.01171791003084595,-0.006714263853935357,0.008161832525302875,0.02158631737966286,0.04484210463613882,0.026873878611504667,0.014990917461192214,0.02042984881116376,2.1448089011453337,1.0464818216122331,1.145163402156005,0.6250362424167574,0.4878379510117852,0.45379367264357656,0.45894286517887317,0.3490461857947211,0.49340907567668285,0.45201611966230154,0.45340161920357985,0.4598774208160374,0.4411801909018274,0.0789139367809611,0.10690374823591103,0.18908058765633926,0.12440897865859751,0.2623337545578747,0.36959656878761854,0.21043397923306287,0.1240159802988206,0.36656857521652625,0.7659182233712923,0.619691690315067,0.20223773901500267,0.1091957189377893,0.12957233756089712,0.23944292729378336,0.11449797962308733,0.2311237901729615,0.3338895950570377,0.17641367567768076,0.12287100999909066,0.2163382211150977,0.2839285539113507,0.3003430596849682,0.16020413961721292,24.544094481541748,21.383212031448476,19.514425725816988,14.795794695417731,16.338253092860928,16.20028820408535,43.33030966732169,3.8816234695472183,3.655445074207975,3.7373709794035537,2.65461599307848,2.4608059000324594,2.64377027424016,4.136444825874846,393.85907282175896,103.51709900637309,500.8463541666667,283.44972003222614,0.01944384162808642,0.002976136172286989
100,Tafkamp - Darkness Calling.mp3, ,129.19921875,-212.88617956371584,62.43397203418943,9.096041873741298,14.297370432979529,-11.164389137316633,21.40221506361792,-0.19853386161044048,3.7678855509025824,4.304468410664502,8.958080761870484,1.2119004472998187,3.317991996988838,2.043155568663353,107.47749373682946,29.274510607725244,25.156327404007172,13.790759243715039,13.995250919509408,10.418924817720903,10.0842925091815,8.102204774107017,6.847847243308702,6.082964491403943,5.25372342754312,5.7825224924630385,5.192898817442504,-2.1874269809642874,0.022256291270928652,0.19009806421484057,-0.010960951658040513,0.10212021469002745,0.062446068948634935,0.08476333346370217,0.0972573067680329,0.06617293038612439,-0.01747394805985365,0.03420524321278028,0.03940295750362566,-0.020896765625500982,5.136088298673145,2.939783133812894,1.9179661649293058,1.1894729653580223,1.173034332029208,0.8101904821027773,0.8216329496091094,0.6772514080168768,0.593452144020456,0.6354962034872965,0.5777927364597327,0.6178933636107379,0.6242062762521123,0.04001932040742242,-0.0011629623865398269,0.012508252307730963,-0.00791254850430701,0.006964312113223622,-0.029903577853362135,-0.01540740542447936,0.020332063343102853,0.0039142595602624855,-0.01610974316380309,-0.003416218812129012,-0.018345063989805947,-0.009266061223800613,5.311298484911295,2.1515165137367656,1.6308105814817877,1.124774771175989,0.9075636560516106,0.6704344758594106,0.6114643095441098,0.603827749996889,0.5995861700850692,0.497518927846383,0.4795113582315517,0.5185210686511825,0.5196501998473494,0.49405234452498,0.5910424529402344,0.6677688530554282,0.5693614844715706,0.5721622071599727,0.586836076981135,0.5622677620828013,0.5204645963134186,0.5263033331886371,0.6072912050876766,0.5440415557708165,0.50089343954855,0.22894977984870146,0.21995748915005467,0.2555196656701657,0.23354499064002485,0.2220888560892628,0.22471628211744601,0.23736876806702015,0.23664937099934522,0.24174726177264158,0.27319802639950425,0.2600432372972205,0.2477416707935524,19.6341244671059,13.293927807476097,14.944540122060408,14.934350911781728,15.95801618703183,15.130422260356092,47.08470962781075,4.787892316765862,4.083099628963764,4.096218807930039,2.9197226306363215,2.577453344441286,2.027621040212269,4.125507367692133,2833.8754053296266,553.6021641124128,4954.364691840278,843.430456321768,0.1929554880401235,0.04674544743171479
101,The Smiths - Hand in Glove.mp3, ,104.58984375,-101.91986894543156,63.7388432064887,-18.091083109798486,19.61389326288675,11.96868771397405,11.968117226467088,1.19107220430548,13.321211502657354,4.763813714450801,6.3764286708477655,2.83820562062923,4.747095786690436,-4.098825266096097,88.65516081197761,17.50399730169931,11.720567308245002,7.771842287025639,8.052484857057056,6.081919793624842,5.612032786344307,5.4584775004650625,6.034069651318525,5.966990513695374,6.211649919776529,6.31010496187962,5.718328628522787,-1.265676690504116,-0.1888129787647487,-0.05490079837747747,-0.13476349832346365,-0.07381663176254082,-0.10661960571406433,0.02548572238258742,-0.0697558125470949,-0.05625496945777953,-0.004493622678435514,-0.005188285214786941,-0.0750318015968703,-0.040129829547098504,4.218352226595342,2.474678144340792,1.6639501381294959,1.2066798522160123,1.379677922174159,0.8564761874063733,0.8975267249893298,0.7791905344431558,0.9630702445297196,0.9489505277245168,1.0221814142874244,1.0310689029380438,0.9205041042607608,-0.2677322750405213,0.022967647884197057,-0.025374946031751066,-0.008921800007365274,-0.02059985907535632,0.010688641087014089,0.007480291888278756,0.011241172313874151,0.008589800630831217,0.009406563268890345,0.03545822918538671,0.0014810853775728643,0.0024009938854839138,3.377527323080093,1.8858728658869912,1.2119516661704608,0.9545679284113104,0.9784905525535512,0.5489112283571922,0.7065190798195656,0.5945287455705602,0.7128287928088368,0.69552534905177,0.7261302625556899,0.6870567049068571,0.642213981383731,0.38104524746261265,0.44768577599093135,0.6354708376018628,0.5013330898443122,0.383354312636786,0.41417251996994936,0.4181050483516797,0.4262436085070173,0.3966166820308124,0.35789916428081964,0.33694725879755466,0.3333497457953607,0.2642555860225117,0.24217548775965825,0.253136030683767,0.25721224904325846,0.2432943971698495,0.25682014186398805,0.2608458735719412,0.2664697320044946,0.2703996643306925,0.22882376639174126,0.23073024768549621,0.231474823410425,20.87544232203844,13.79881308887623,16.967250177943882,18.250827036614805,19.179117395697357,17.267858954829006,47.385628232453634,4.894325574425273,3.7471304113197905,3.992379865575156,3.3087557610501506,2.7179862775385892,2.300510964192557,3.679747699233165,2961.3253652969847,529.4623393851458,6058.406575520833,1001.0156734005736,0.1641288097993827,0.050592845740981614
102,The Smiths-Back to the Old House.mp3, ,107.666015625,-159.59594860047469,119.76440029379762,-9.946350710995402,45.25443527433608,14.518147419448253,5.28071705756686,3.585360405250182,10.54029783749102,-3.409058088597692,9.915799595967487,-1.02898319852021,4.482404809859063,-0.5044249898213663,66.39010039286123,23.086039652185708,14.841904641024051,14.693256035662571,12.005276555313737,8.912458299304582,8.052543954030476,8.384602766942356,12.646732930268877,8.21042430513213,8.761567839531608,7.632216648531357,7.65023546137851,-0.7013411575462669,-0.41757872336785545,0.04361737504268042,-0.03532053902601524,-0.040413635600729046,0.11610179922161164,-0.09654432304640426,-0.04484461579201628,0.08038549749669331,-0.1053495491196597,-0.056904806252453984,-0.08854533521383771,-0.01491506780637141,5.680698247070967,3.346094544846517,2.1603103175381078,2.360695739204291,2.17844247841421,1.4730380826653384,1.3227613012211215,1.2596926372303692,1.7746134253608978,1.3420252274885982,1.2549953789001078,1.292881877127592,1.2095306312660625,-0.10440567165992602,-0.02299242423355786,0.09950774271994396,-0.07713375370633317,0.12192660367639484,0.028336298123094034,-0.0016473569047786754,-0.00985882015227639,0.022495010234437087,-0.01776318195459927,0.05287899556253565,-0.07550619936201083,-0.026015959385089733,3.708012198922347,2.330770225160542,1.4053550651861124,1.4738048293407682,1.4492817562936315,1.0412059561223022,1.0499127776297854,0.9022569358290228,1.2369977814682267,0.9714559260045976,0.8301583350401005,0.8926161261907684,0.8227448532699654,0.31350663983849464,0.4809796286884833,0.5099430852052238,0.37168130179706177,0.38708007235631897,0.32277249260288143,0.44767311710381397,0.2967050467778779,0.2947917763822148,0.3971420001687,0.3190462010435438,0.3282354728801659,0.20973647207812282,0.2919487617726527,0.3568402565961896,0.2454609278213036,0.29953004739990524,0.23769721466467708,0.3267363105601902,0.3116531210935207,0.2528690058681707,0.27723602402438163,0.23898014883718965,0.3172491179163813,28.51186433980226,17.45533600877842,21.586840138892445,20.729073460824825,21.361208563968844,21.64340355599353,48.36518558201825,5.409670122831886,4.03350263448881,4.685750262027647,3.666443475289031,3.1649358342135163,3.5724025872227188,4.7280353618563575,1573.24345932023,460.09045332843834,3404.505750868055,973.4821573305047,0.05224609375,0.02362640708811394
103,"The_City_of_Prague_Philharmonic_Chamber_Group,_Richard_Hein_Ca.mp3", ,114.84375,-310.71294501975734,97.2833103771195,-16.070781604651316,7.499572254441403,-3.217879198261617,2.67225228484582,4.18195254985749,8.684241757325736,1.1501767381933734,5.154302631999239,-0.9566531913515961,5.569714744425849,4.0399911656607825,90.59595088726019,33.025547482826944,16.14925710953285,14.775409674725802,8.357878909497126,8.011907927470068,9.311772826842079,8.488648126779198,7.374773261811935,10.30592899126623,8.323298236408403,8.673687630817872,10.70370847274483,-1.5822523140871654,-0.4116364765659342,0.07972395924253411,0.12161281838699423,0.1097284217097762,-0.011151698147763076,-0.0685660395466573,-0.08874940167664101,-0.13066400413079485,-0.11143557453832738,0.0026392075779307447,0.05610201631480092,0.047445430290988744,4.983538574853095,2.5505847518191263,1.895647169187211,1.4330251572236674,1.0484518179000535,1.1609838982795366,1.3579070999905092,1.2414913983813793,1.2093828537103353,1.3495256116721788,1.2570670636277606,1.417794119248449,1.6060807031499211,-0.19810640813932312,0.027710677160580358,0.08482425884389676,0.0032887709108583713,0.045139613213164176,0.041132002842740475,0.009771540039506407,-0.006805661638169606,-0.00217398899833005,-0.0067559448113940915,-0.041423990743315244,-0.07257645712646384,-0.01360969691476957,2.795425683401838,1.3838463508894436,1.0363928359432355,0.8966522806488005,0.6722359469163629,0.653039203514796,0.6776436743172752,0.7628722468059707,0.7188272559158988,0.7537220230909849,0.7265237224489178,0.7910751582033088,0.7830458144326014,0.4377200594541968,0.2879871368267355,0.3766731063355289,0.276771881054213,0.2228271911234414,0.3376923974200632,0.2544245612538092,0.2571807230710818,0.19969248587666596,0.32430785592702177,0.42062027381235784,0.27482030964057674,0.33182151933673487,0.19888025069905627,0.3717748815966641,0.27870336224144704,0.13645759011133546,0.2283368614953125,0.21866509503921763,0.24059130859072644,0.12539782068226224,0.25096889849407716,0.3532873311025459,0.2212233994697144,15.793503027727661,15.550127810160125,21.87174091583584,23.964745330726203,24.037002286344208,21.96755347183979,49.431653597677865,4.392649762596282,4.063366167753699,4.548232830510844,4.401563105029571,4.163480389879594,3.7720230582690433,4.719745181061259,2039.8419661167536,874.5954718631086,3598.5039605034726,1665.0812370120186,0.12904941888503085,0.09031835618539176
104,This Charming Man - The Smiths.mp3, ,107.666015625,-15.963270095901356,58.6458906898344,-15.821653121323498,45.22358667482564,14.130238355723797,3.10706749158325,-0.9804670576834017,13.323507087098227,-2.8206511585524794,4.574803967028856,-0.12122954299420485,3.7599020076938614,-8.079972193380932,44.75644499936385,20.940414113013126,14.675170303553243,13.739223581215265,12.722941558654133,7.492604133152032,8.14938039405553,7.2670904812997605,9.959590105097938,6.435196156059615,5.727926611455793,6.512912998336564,7.152511269112744,0.2945351995941665,-0.18164356659959865,0.11685646903402185,-0.10111829972636231,-0.011524250914094638,0.04857955288780094,-0.004625359320162253,-0.009698588196633754,-0.022703071096107183,0.029427273984406324,0.06615921059683724,0.06668967441483228,0.019753864780930733,6.995681659898221,3.4850598949456013,2.303302379260582,2.016652128747983,1.9634794388570231,1.1185534926548442,1.268136188532088,1.1138088805325899,1.5782302683770253,0.8935392022580243,0.8345651088776614,1.161795339109383,1.3329334038161218,0.006070854612281203,-0.017448489157372314,0.016191869213843694,-0.0028623326215893017,-0.022370349974400235,0.02456941085085733,0.10319999090171661,0.023035736750943562,-0.01731276956967503,0.005890973183947307,0.030732537390936218,0.027252723406827842,0.004870757514085941,3.7094555346615543,2.2558095009692165,1.5940462012388938,1.534240662385214,1.2709280450964884,0.8574470854649886,1.016181461538242,0.9030986064869911,0.9927015789420738,0.8138076871845227,0.6339505340685005,0.7785887818176427,0.8295873937579307,0.3402709497978198,0.6490569630333073,0.4448438560457923,0.47343097608407136,0.509887643070765,0.39679694513180924,0.37855071655365374,0.29853553932022164,0.40933591602255165,0.3489150219858497,0.315092846604616,0.34610810853615637,0.18993579593419604,0.3236935390453104,0.2557716024051035,0.314840705472113,0.30474497591240596,0.26061953944814054,0.25339069308944895,0.18650877402652877,0.2566734920546357,0.2553941619352173,0.2244664793093496,0.25571649601231533,25.265972086927718,15.224764883013286,18.99875435819868,18.619221327104867,20.438880194071302,19.03708263120903,47.74163440093181,5.182933016263177,4.312414567168976,5.0029485075710385,3.910008325286711,2.9156575703337246,3.1089436408078903,4.1827269546535755,2896.555891432563,544.3487480303987,5670.310465494792,1186.9939011216723,0.166357723283179,0.047580718986401344
105,unforgettable memories.mp3, ,114.84375,-433.7837737283589,217.55282842377085,0.38060732958493415,17.278393927087755,17.38787896324087,-7.719981916340781,-1.963571206442322,-2.5027193151828317,-15.451554826886197,-8.557178189955009,-9.235743648844002,-11.71533907784356,-7.79975016631278,34.49473471675082,23.074568461437988,8.771665866631713,5.851881123360052,5.7757240112545745,5.278133134016733,5.282981484534718,5.56822267166649,5.119974574094981,4.6686785265464765,3.8176809125714004,4.011428934087511,4.462310972026069,-0.8388095046810369,-0.0870373358620894,-0.09696341538334692,0.06754875269806139,0.10790318456475902,0.02424467582579697,0.04490365196209125,-0.06146742611653516,-0.04661768440223287,0.052140554890358515,0.016827543826456137,0.031350606287841074,0.04567639220557693,1.3600649768652557,1.6259055845718635,1.1187670282264472,0.6249178726936537,0.6768554782814089,0.5593015053028979,0.6939774282566976,0.5895990054509341,0.5533114086880643,0.5684068761478881,0.49509217349623275,0.5043070029939186,0.546934336113147,0.18642581206240497,-0.24302006259362605,0.0914291507811688,-0.028718472793295886,-0.07927608216845396,-0.006325341082382144,-0.012409271565654004,-0.0342856275572019,-0.007616457626019477,0.0009031849110248945,-0.002527560703858825,0.013575621699500417,0.0048121166153937385,1.2269638939812855,1.1842570504063534,0.6434199183630506,0.4777392822857561,0.5495937239934223,0.4293795715987971,0.4847010783251113,0.41234108897878113,0.36380304504028077,0.38446558705492095,0.4044699540844176,0.39264187999777933,0.40359166284550324,0.6359050213531763,0.2548693492433723,0.22396366762710207,0.5156816251598942,0.3326557299846576,0.3025737738719693,0.22416882022904852,0.4019354107332657,0.2799537754718237,0.21088792931253986,0.4164268593016414,0.33507701329151046,0.30222265013046523,0.13840170738703605,0.13742680826561018,0.3054857357734364,0.19667552750243456,0.2735309007781291,0.1533169155309866,0.3221793098839189,0.21956324347440717,0.13907367541781845,0.31819947359365464,0.15333285524766607,22.171682372628098,14.522165233212007,18.3065921816229,16.01303592178697,16.1777401405468,21.70277862119282,41.96330643614926,4.430011419131004,3.245220830171498,3.779886462275306,2.737568560822352,1.9607006361404788,2.4544645610437166,4.25276049304457,667.7661472922244,184.6251522366165,1050.5744086371526,457.1255807750026,0.034426842206790126,0.005462404295635925
106,vladimir dubyshkin - amphetamine freak.mp3, ,108.5205078125,-86.80290869917765,142.0681262165308,3.768963330229859,15.721002071612963,5.699125800051807,7.393927392400342,3.148475530890771,6.165916642289102,7.019439095240316,10.950292085009961,-2.026355045652132,4.763685637786065,-2.487639054081138,53.486115934117265,40.75439089472771,26.102190636024716,16.7732181100961,13.134736715855807,10.688727890833752,7.41633986609245,7.687618486718528,6.740611449859711,6.755525665768573,5.953935535875803,5.430102950418406,4.736826971928398,-1.4202075228727435,-0.8716686047199699,0.02707573645575732,0.10539642944723586,-0.02884872048620039,0.005698375876009872,0.004524161953466115,-0.045889745645345766,-0.038986466376593816,-0.052558781329059494,-0.004517157166839844,0.007092900318381042,-0.007868224103147461,8.187826084171876,6.599550244890723,3.6825252168969,2.6567044791420775,2.1587932272542525,1.3526935430692941,1.006238063634041,1.3283202022145373,0.9263747504841913,1.035102266398498,0.8719367323165429,0.8422319994594937,0.634327699305211,-0.11579740500468531,-0.06148207268712145,-0.19497518767430275,-0.028860284400353625,0.001298423843561776,-0.014138554102334446,-0.033091980229522804,-0.044610334534405,-0.03050758708613338,-0.018610892243206178,-0.01979761153788674,-0.005862092677601557,-0.008983716335439375,5.883299715757598,4.0892803338617805,3.0090710047250613,1.8236064736174056,1.6605312517601651,1.0998322595290007,0.8057724845023365,0.9782248823883967,0.800398399400648,0.8487469118158527,0.6674655309354902,0.7332007513949672,0.5538627158820009,0.4815023711790549,0.48693396442391573,0.5673786404666227,0.5026740469584633,0.5920871037897872,0.561239650513241,0.3967189665763053,0.3832451655190973,0.44434510030708974,0.5397077497543284,0.4686348996280382,0.47435013733424797,0.27360497396077665,0.2301101880494408,0.2443344495648849,0.2278949077147756,0.286086562580899,0.31512292323205177,0.20103146582203024,0.20442530850540352,0.2195846153970724,0.2910555275260761,0.25012188816454434,0.26233023780150894,21.244693629986127,15.164341974423316,17.20903774222781,17.779678785498085,20.00395959483558,20.175829717798983,45.732254414455014,5.308313575888329,4.259998523225617,4.325274306010864,3.4782919892730013,3.7079711021475634,3.9291052313899635,4.259477869375238,1619.5032446581656,637.6600509949816,3403.774685329861,1279.6197436456496,0.062127760898919755,0.03709031896615255
107,vladimir dubyshkin - Birthday Cake.mp3, ,85.44921875,-158.93844865641935,128.960601883423,11.479339410228953,26.481167249473526,7.008940844256201,7.556806996372747,-5.472872744509836,0.45950700018416946,-0.7113101288998201,6.422324145074796,3.2663183682195753,3.2666732927577367,-3.084426730112345,119.23232661251075,48.93329117583537,33.54789081668028,17.579593570840345,11.8285084597064,9.07178982382595,7.463925944263397,7.600241679705671,8.67311690209045,10.408195121583448,8.683730567636546,6.961546535629705,9.905217722569526,-0.9435021675689099,-0.6121302187718727,0.09046818888394081,-0.1038972571130014,-0.026081936106223752,-0.01929275360228609,0.016624378675686908,0.023979363760359033,0.08184181699345325,0.02145085113847421,0.06457246789409792,0.015154251731776943,0.0046067221254041295,11.811382749299284,4.450301589684824,3.607913433787223,2.1491615411350855,1.612784334908917,1.3286255141659467,1.0971866187230639,1.0669738534662532,1.3726366185017447,1.7671464817382223,1.3736609267049709,1.1027017111023327,1.8090141869809724,0.23963127308237722,-0.012016881737329158,-0.016308617390610312,-0.04645575460592316,-0.0404429396556584,-0.008969962532218132,-0.0037050774291496912,0.022384528628332012,0.03421074549834974,0.01923541456926614,0.019478325099672802,0.0347247395864228,0.0008500018379834976,9.24210724188493,2.13770671796664,2.2730537280263214,1.4628158005665204,1.3835192715940998,0.8626510821147546,0.7894048601820817,0.734829511311433,0.8125598922732621,0.9763368832667805,0.8849805397742211,0.8184959567093228,1.0866170693770325,0.2679240047124534,0.36069817444863644,0.3738481874281632,0.2772919733694756,0.31213323150056826,0.2994576738901629,0.5275296983271364,0.5230980033340956,0.2899331719676366,0.2831695460524686,0.25711628986562257,0.26450570553487646,0.2575043072518501,0.31086419398244636,0.3414256472583624,0.2622147819324858,0.3134840125415113,0.2298496681911262,0.35404226032877606,0.3614229153053476,0.23974307738908762,0.2859720325391506,0.23376402040783373,0.27290701181388216,26.727385736329023,17.476245055875125,22.189691051069573,19.17187661909995,17.846014676009244,16.209643883995756,45.77544217424279,7.1413582877743,6.3998963108152225,6.409725458112336,5.036586964237922,3.7227213461712894,2.7586272538805723,5.180988965853783,1540.8554051993378,847.0807577853087,3146.107313368055,1806.1134813458502,0.05970594618055556,0.0439690709356808
108,vladimir dubyshkin - elvis has left the building.mp3, ,104.58984375,-144.64773418505987,106.812230579739,35.17855343553755,23.0809721943037,13.608491770003313,14.976195998351884,9.06986554744251,6.567635190707666,-2.739175365294939,11.082919914413381,3.600534355336869,5.5988588991264505,-0.7011163972410154,87.45929919502807,39.983277664915825,22.608085337270367,13.942031603470861,10.210680542917087,9.452764009864486,9.33344400254637,8.351514972963207,8.734714485454301,9.276752960359348,9.218516610996177,7.6383743061809675,8.64603401995975,-1.3560732458919336,-0.5438339652098898,0.00942240102377572,-0.08805286004887118,-0.017745014008445043,-0.05746612650698718,-0.0362210268482428,-0.0029715031142575413,0.02745909521709783,-0.10099469769291902,-0.15979047388378761,0.0024840691009030504,0.1590732321370232,8.043429954057016,3.918129805333676,2.9093342064796945,2.109231763870872,1.3017884976451797,1.4118377962920954,1.3434120882022542,1.1618411515064109,1.422204268802096,1.4900314971093025,1.2872282593660704,1.198905356643193,1.4105264870443406,0.5832886758956052,-0.2523005090216979,-0.06423147045719771,0.031196456925690546,0.013421807274830324,-0.017445647625545794,-0.013115915356284402,-0.03454054144992965,-0.024494541794590555,-0.02666403420260866,-0.0057398607896175236,-0.017564621456125522,-5.3189721470124164e-05,6.819657920869342,3.0440889730249894,2.6332668912627124,1.61749769555509,0.9601166153927263,1.0682439758768398,0.8264840363038367,0.8033855437765651,0.8772716690100893,0.8271066026576811,0.8327896840555012,0.6964286689494382,1.0563474358980958,0.432879810988972,0.4287714390601549,0.4990343623622148,0.4528989741739668,0.4284772891953679,0.5214876028260699,0.49723589356649484,0.3636940698524546,0.3256783043278703,0.2875917881790457,0.2632431288632093,0.3258400298518497,0.2888725309714917,0.306197440280688,0.27842557344938784,0.24183048022623507,0.2718627532050982,0.3624392214342933,0.31493791921641634,0.25512515377751827,0.2522407230799721,0.22553058891917876,0.2193119500722922,0.24509556653503015,16.213103090482175,14.8480873761945,20.385261564518288,18.92529302299275,17.646592883848907,16.635459961627834,45.953409859616364,4.489260554821283,3.684277123044714,4.598330068978035,4.37718435952596,3.3831380116323646,2.9617078004213666,5.271495088549143,1740.9242454792375,911.4786210448865,4020.062934027778,2120.480887083749,0.054342387635030874,0.046434947656206614
109,vladimir dubyshkin - No Tell Motel.mp3, ,116.89453125,-65.74498450944638,103.31534926832457,-17.504011082244507,35.24593505704845,-6.36747288317592,-5.300190656043497,2.238222866997491,-3.1301874197260644,12.316579392018879,5.305932137701246,2.1651951998564196,5.522345229178484,-1.6889780869270548,80.47303726135077,36.238565556720566,24.644063985438944,21.40718713036632,15.280700403293231,14.884091379831188,11.952714899407747,12.516951654795804,12.593976479329138,11.585767679053632,9.423797595527338,9.062702693621935,9.18002975625913,-1.2848598301370433,-0.2501214724953896,-0.274837879932566,-0.17532168882094137,-0.08192634562398364,0.06240786698033867,0.005992558494463192,-0.023488194132324332,0.14732984300518845,-0.040729746211896484,-0.014357233518464371,-0.11509397245192954,0.0002470386407142624,9.000337622844258,5.0561282992758185,3.419932504020537,3.4682877120380233,2.0594761270385695,2.51997339298148,1.7281023449459225,1.6171131774537557,1.8282046528396834,1.4881635988661437,1.467908866808335,1.267763124248157,1.483040256540337,0.09034250289443191,-0.10928794397486741,0.1655945684645831,-0.035960935905250936,0.076524466506125,-0.0494398606950446,-0.003055983099419577,0.04048195255655842,-0.0035728755174204755,-0.025843878950705224,0.003764257755886511,0.011189781098459835,0.0253915499793768,7.282909491213371,3.356261415051986,2.407840827640724,2.3488882135877645,1.2782195375608612,1.5064068030461455,1.0658453258285763,1.0462721817058516,1.235731205134696,1.0366814827722741,0.8696662076176644,0.8704968573269735,0.8814874315016281,0.38787760439524305,0.4312600527450236,0.506676191454006,0.5088164064728505,0.3735919241207066,0.4052123946287198,0.3916769178647456,0.4158353909395957,0.42543564920089444,0.4576285881001824,0.47857573618652466,0.38436409397867083,0.3063661098340497,0.3093609521985263,0.3197947831641054,0.3242373470448473,0.2718802085095145,0.30397164088161654,0.2753049702679171,0.3004038685741646,0.28644651753052264,0.2991029339112314,0.3154603776746254,0.27315353768352857,28.424393901428544,16.497292229800856,18.45590466020436,19.253706422989975,17.94957496425149,20.86942075537323,46.045842736478306,6.128893837522964,4.29764971192974,4.75247470881473,4.049027348479018,3.305277097566584,3.852214652688265,5.65807009926824,1905.1201540959235,766.0902153310672,4038.140190972222,1620.2558632572834,0.06802933304398148,0.046966664510582366
110,vladimir dubyshkin - russian porn magazine.mp3, ,104.58984375,-132.33097021183988,72.9045698337349,1.4176368959432029,17.471405802018666,3.922224588968136,2.649597769120225,6.829808320850134,8.64754551294961,7.39943331282264,15.46448573672477,10.38134509646966,9.280004170067885,-0.8275069877229354,96.54958978077495,47.27430826483098,22.684740834259426,15.426232336846434,15.75562429438486,14.160495519169878,9.982573610361527,12.469068045817238,10.362864031059113,9.553971711722895,8.869492948159223,8.258289366474713,6.376185793455725,-1.6947912367586806,-0.2747399982461637,0.05768868268142673,-0.04810332711717763,-0.04555211888491837,-0.11850765623859372,-0.044920709864437636,-0.011689052852388056,0.012090041402391052,-0.0638793019209931,0.029155472092284463,0.03391194593464599,0.0001452574039303503,5.984256677644211,3.6904686261137076,2.893245524717423,1.6389273013702148,1.7604647194850234,1.9046258180611237,1.3665783881324611,1.4580807333998418,1.175261613045022,1.0956412115142342,1.2851844676470652,1.1335343978087675,0.9573296815025741,0.15796164385572,0.04293541268181101,-0.0697470835890092,-0.05574862667888311,-0.06091621333990465,-0.06499362551178899,-0.020114590538907108,-0.021437850481752205,-0.027060812519917862,-0.029883859925587192,-0.022310398538621354,0.023653030036201266,-0.006014680485226743,4.387381240596697,1.8709335539674627,2.1503417853880755,1.1629113620507936,1.0153702697861238,1.4812720929431131,0.9348516592880447,0.7620865528339896,0.6851308207398387,0.7216521501062174,0.940382875045084,0.7452144439127563,0.5085529457398562,0.5569296647438112,0.4649387400555654,0.4099344605275281,0.5055625048037734,0.33053314398951184,0.31295987571601147,0.37034235681970545,0.42714069311127617,0.48875246288105384,0.4688147437172356,0.6243430041926511,0.5824613933448599,0.3226026102111393,0.25729197005186416,0.2049599904930384,0.24386531596839356,0.18423134660390572,0.24447382922840918,0.270723069714302,0.2704806042888211,0.28556503518921866,0.2724901785817216,0.20964741446882096,0.21096715415293169,22.702316680003452,16.922279649182453,18.884662982206567,16.618868077526795,18.296141833576915,18.48280352216686,43.5945682741602,6.361116767508183,5.22618372262168,5.065809610745057,3.166321116429384,2.7994171875150893,2.821586521632929,4.695895546839601,2291.1203511546687,887.101216987844,5047.243245442708,1829.6970895237948,0.0645043643904321,0.04956585227679724
111,vladimir dubyshkin - Ticket to Childhood.mp3, ,116.89453125,-203.54065205671907,65.30787494617664,41.93320900109814,8.032939420691056,-14.719023133271639,-7.977881133395397,-11.439992678547164,-9.11692281499689,-7.797548285352043,-1.0563021945640625,-3.44343702453706,4.1858172292050755,1.4263946757778339,108.44031235706545,53.19970024749073,37.34768347175138,20.818791366197214,20.662823970202997,17.3169008929776,17.276741192783017,13.051336433306934,12.477029982025572,11.576488817818598,8.67754757436791,7.522036207156365,7.739133950149262,-1.2974172591139779,-0.3323254428895904,-0.04712542520769883,-0.1251806412855117,-0.11501331865948476,-0.039667552804148944,0.07253207944270314,0.02749031021426444,-0.025558668836939757,0.010423780181790113,0.04908888210487885,-0.02386377344014307,-0.01118071539719865,10.673756990456743,6.821179261439792,4.901269660786791,2.510623180759151,1.78458843689414,1.8632952609645874,1.7850169314513156,1.5539257958559203,1.6840495854768758,1.5907287945953328,1.2202848782995972,1.2144742023295336,1.3305989245377041,0.26854329616015343,-0.0063195644050008755,0.05371417707683129,0.018629491805633596,0.05883680832181356,0.033616155236140234,0.020450742726636773,0.017132114210844405,-0.006368817531584223,-0.0025296612870146485,0.020459448863007705,0.020356257019972682,0.03983234693899888,7.79372047770769,4.018286558734806,3.3280029976562044,1.5202256699007395,1.0758457266414403,1.243411441655484,1.0795556899548504,0.9727226133793602,0.9767478080688381,0.8829839277188771,0.6942477558681386,0.6759487296880516,0.8180328197617981,0.3277136506904405,0.33664152792577323,0.4410504015749222,0.37238114010777973,0.477657091799537,0.5241434941683424,0.3097164283160201,0.26215359201815763,0.30928560643763003,0.4409141533037599,0.26924110095255244,0.24863336992110155,0.2857687370093323,0.26489210994845463,0.36100696609929067,0.2566482680972168,0.289807363223163,0.3292488776242865,0.23877081691468116,0.2721916229041964,0.2707295537264609,0.3313457304723421,0.26276729658735704,0.25025252352961297,20.815440643052487,21.061114499363686,22.66141815507754,21.715171461200583,20.003775426738695,16.435084847252384,43.776448300482514,7.183336149391337,7.179347226040686,5.752131157047008,6.319458278685506,5.566079196512665,2.7638464020003126,4.97305932225075,2179.770911985493,1181.76362098338,4622.760009765625,2404.3632791412297,0.08395574122299382,0.07354489472649622
112,voices in my head.mp3, ,114.84375,-406.3862044722946,213.5486907488034,25.69780160118768,6.577570253776179,5.446025717221661,-6.714169864669259,-8.283451513375766,-11.603468600108668,-13.076732925426812,-10.701267824841686,-7.166657189436165,-6.606537525668557,-5.9237095869525715,44.380290534062645,22.382129358135984,12.32753749653883,6.947481702128755,5.748302066690743,5.329095934177746,6.6960091457637105,9.065758468137018,8.233568848570625,5.938103023360552,6.477393355918212,6.395694656359847,5.986500473347653,-0.4600530422995454,0.16334475057751494,0.04205765334608045,0.08951575512549391,0.13182648739283098,0.04034457897068932,0.062226502911797106,0.08444973327958132,0.05967468102563195,-0.019246617445641736,-0.04781673735375574,-0.03190519357240978,-0.0015374785576613564,2.3605973927158277,1.8253306295672023,0.9104692186221479,0.9417931061772373,0.8360625441724144,0.690154475827672,0.8597397548444742,1.115162431351872,1.0101923853920807,0.7817580953561166,0.7422240588656818,0.6490514589978766,0.736333438622113,0.19557640437657633,-0.24436911384224388,0.023558922443268706,0.04761747381345219,0.001921678951116464,0.018480152186339742,-0.022545408077371296,-0.033463757130156424,-0.010092058036487871,-0.003962531396048431,0.00324354950727731,0.012747864177206927,0.016685281399807055,1.5489674743461654,1.2662618318974002,0.5711768515813649,0.6281009480708399,0.49325210930361485,0.48525899527361155,0.5764212380472421,0.6032337127321178,0.5268831358481089,0.5300249258985302,0.526055797590761,0.48953312234113006,0.5268898673803607,0.39541895118941567,0.20874494590644185,0.27002832651236036,0.2605979201171179,0.4916032864956507,0.4074724938772205,0.26825740095802847,0.3242520182889334,0.3246272808303022,0.6038424297822295,0.2439838260754276,0.3021246006009514,0.3038020931075411,0.15385167768682592,0.27252523291752656,0.17459175491521065,0.308299701700498,0.25970366512771076,0.16010750171956456,0.2870273218521386,0.1779695857298962,0.35279919403466997,0.13755428556328594,0.24720377444012268,24.370592443700232,16.880390102075253,21.505632625013387,19.521924036730876,18.670901273812998,16.049516561946575,46.360779426277645,4.554522029321794,3.735168656250291,3.7747171948643667,3.0986088324971672,2.601894295701828,1.7023759376409713,4.514933759970089,553.7064708343693,90.60640035646334,775.4611545138888,205.90300469241603,0.030698423032407402,0.005629233509722077
113,"Wolfgang_Amadeus_Mozart,_Yehudi_Menuhin,_Sinfonia_Varsovia_Moz.mp3", ,114.84375,-293.8518228413146,148.46795892126767,-27.385936939789925,25.135242151257433,-2.0070644391723618,-1.5265372811966103,-6.511601227117175,-5.24291286599121,-3.6795417335298324,-0.009406153814016585,-7.027391193917503,-5.462450144467531,-1.407414459037008,123.48384778307779,33.50905632885577,21.8518649832605,11.40524757511792,12.50539436000228,8.467179490739325,9.848334992500439,9.177393470081592,8.027591011357465,6.603784116015088,7.674550285850838,8.046910296553065,8.87315394098344,-1.7713088238939505,-0.2199733305311428,0.14293878187229747,0.005293976906457064,0.08173738601782797,0.04706954765478494,0.07937731549293263,0.056977332847043406,0.1314943956209772,0.0886477607310991,0.1040807644546285,-0.0389720888816993,-0.03642115482476965,12.040747607356158,3.36190184063688,2.326397797487837,1.790053813747858,1.9361459034311423,1.1303242517655263,1.3071131608339606,1.0643388799263132,1.0167182173232803,0.9226975478843674,0.9572158267559273,1.2373743341587158,1.2962744816376386,0.047060202030906224,-0.015201065907065098,-0.011377260712676758,-0.04429482877970225,-0.002978964054807562,0.013156458992729492,0.004340100827925827,0.015809831535012496,0.03982188620758268,0.04304712365114096,0.026758211714619437,0.00016127522160977516,-0.026379640180909325,7.12311035660979,2.125474158793523,1.2329956282850372,1.0016774455032362,1.1976749510506712,0.7106838012202928,0.8377047532764456,0.7315273057757744,0.778094579166412,0.6569805291016458,0.6411356085693601,0.6870237306396093,0.7197978941851284,0.18772969286267957,0.2681605441288816,0.4505393216098992,0.1685801435256216,0.15412542965503145,0.23644831153437681,0.324894322620911,0.41498914415560756,0.27064884511680615,0.39702362920600276,0.42532174624818847,0.21382904365618516,0.25198135952641715,0.21331881319680404,0.3408862168472439,0.15286681001388924,0.18476861197122219,0.2350963924966254,0.25150369607795403,0.27660740055456534,0.20083305865059253,0.2750728081959315,0.3283832189299631,0.18908845559466592,19.875199594417097,17.771963849326422,20.665626015029815,21.138816776859485,22.40840700199803,22.11053550865525,49.71972314030425,4.895939546482448,3.929837772467087,4.4009772221173415,3.5443425115429794,4.094466486025996,2.9118874292693793,4.743202644590107,1213.9949068826268,303.11740358521996,2245.86656358507,691.9720697210055,0.06516896942515432,0.024437107868101826
114,Xtal - Aphex Twin.mp3, ,114.84375,-194.36339763358788,99.462117270693,42.19639323601201,13.540570167893613,13.033919648899706,-0.47453026703478374,4.304560056623118,-4.594446289088623,1.543982149573204,3.0896526983030785,-0.9700628015454168,6.084670402293587,-5.037823124892181,64.40642539711752,36.605805778176865,12.499725209476267,10.045090605057725,8.983660665392392,6.38844263312025,6.337969625554183,5.956109286903113,6.086007148567568,6.022441057061876,4.895535028385656,5.170299678108514,5.211726421691242,-1.0299046944038521,-0.7468650712822794,0.025703055598704075,0.015387971611710757,-0.027567824997176,-0.027637602985595113,0.06134941433776229,0.07368964891820388,0.07261456979545017,0.032093706024799176,0.04035765153821558,0.06237718562400083,0.03196379539045149,3.3779906374735624,2.1716885890252047,1.512693751519642,1.285352951930702,1.207170612245234,0.8041845118591496,0.7959898641036398,0.7116325352668724,0.7952325869788658,0.8619624860750248,0.6848826336453652,0.6909165608559484,0.6483155533827322,0.06142904801167825,-0.0659605399619236,0.0033020284422098415,-0.011045031876153785,0.009117490890124222,-0.014732354555751864,-0.008209641721030628,-0.0032622929167341608,0.010350483348578743,-0.010108838891567386,-0.027620722183200996,0.008326671093707346,0.011110297518489123,1.967173831901374,1.350216396781908,1.103781505979076,0.9764382450049857,0.7999277216547439,0.5695163159615984,0.5585998121576,0.5428976448603174,0.5691809717652944,0.534907669913209,0.5062391474293363,0.5392020072681861,0.5018274625012612,0.32484366298497963,0.3203963597742036,0.7320848979101874,0.4057112494771036,0.20013487864757118,0.23647157215932957,0.20587975534116046,0.26609408365577647,0.29893114563957274,0.410384582142909,0.5698339681509008,0.36801656484991935,0.256460770118138,0.16299797651720793,0.2564746786117606,0.22433732143406462,0.15770727335654125,0.2128927503792625,0.17472713751412583,0.24255308702593892,0.28912048174086435,0.29994644049178826,0.3298750831001897,0.2529254322394147,25.00452711054397,17.0918792048213,20.982436974320837,18.78844240373398,16.989299334585425,15.107025239156444,45.36587973864979,6.580914329538672,4.155596769757359,3.748269836882711,3.0959505839971815,2.5096472630416837,1.624573426776393,3.2258967021798663,2409.110424823854,937.0914307878002,5548.65451388889,2109.0567854851283,0.10018657166280864,0.07517914944412192
115,Yoshio_Chin_Suzuki_ミート_ミー_イン_ザ_シープ_メドウ.mp3, ,100.74462890625,-573.5188336784457,118.98118688294919,47.47182481230041,7.5082296896495935,0.5423250396586495,-2.1944724284572366,-8.392984192864395,-12.291312641843602,-13.044206093766809,-11.863649929747169,-9.32371898777323,-6.198875308404735,-3.4893319303238832,42.89378044806656,36.83045747769629,15.670368974724743,15.537300995300464,10.266115945551492,8.573161532249694,9.663648868901106,9.634905561595689,10.110140677807093,10.886518979079511,9.490507660601898,10.09488563527754,10.819622458678898,-0.965931723066778,-0.7220786137098193,-0.2515640761214596,-0.05889287117594152,-0.021734669628512854,-0.050224523916610586,-0.01941554460323841,0.03186423119651959,0.031448795589514904,0.0072241896998071166,0.022894901988624,0.054137769621584196,0.055834086972251416,4.598371978232974,3.4543796182148636,1.5132659249501292,1.8901903385840988,1.4755482891959153,1.2792429782770374,1.181144245365371,1.1406075241100802,1.5310863808140465,1.6573695131677628,1.2890450245945504,1.486990248055628,1.8035704555824805,0.25203829197957534,-0.025797743410630913,-0.07102261404837425,-0.024360327841642163,-0.03804864963567974,-0.03625358269049751,-0.025651227266751914,0.0035812032231514884,0.028388804980312234,0.02892498570755929,0.029294437191277178,0.03289827707124426,0.015761557354392015,2.7715308996856454,2.297893845807245,0.9220605159672798,0.9289422767534332,0.7362132558580864,0.6964199581484246,0.729983781678731,0.6693944421466119,0.7465686732191652,0.7763787299364701,0.7506544183422893,0.8590134624908989,0.8772778838640031,0.19539544234833747,0.23021772348069316,0.27952344120622336,0.19331664134620882,0.14485860367047862,0.07141329328912412,0.14418926025051507,0.42582180221151483,0.25064043405283015,0.16335286538590224,0.11468547550737325,0.11971221630099894,0.27504315759567427,0.24964832175509252,0.35287713307455565,0.2639322855173251,0.2311336140630591,0.13664919510398024,0.1557476593480174,0.34232704817109155,0.2596072062787073,0.2670363732251209,0.19402695519094057,0.1949043901907358,19.716388718158996,25.225384727655324,30.288242232915866,27.14660309150331,21.219999109358593,15.716679305279674,42.52067547261796,6.477292243179911,5.839738832455274,6.173285686944905,5.89347727489158,5.406841891774243,2.222641150101225,4.540885484476015,846.6526029373025,458.12913365511196,1411.4549424913193,1043.9081384476392,0.04648618344907407,0.021566626712357807
116,Yvetzal - EVOLUTION.mp3, ,129.19921875,7.426883019070015,31.31527459603033,-11.357637636455488,3.3151473723535916,-20.65668466507837,3.482766167801103,-13.749110031597041,2.602550709735096,-16.346050228371663,-2.7050623309419106,2.229251103199743,0.950565657313959,-2.4160336052286038,25.26080478866902,9.59733874780573,8.129617365268816,6.475961663324249,6.47037503940579,5.7754130162412265,5.919405768570638,5.574269198686159,5.218186295583668,4.7668744293327,6.359892290007063,5.491793093770593,5.173391999200692,-0.3164065246625493,-0.027644689314147847,-0.01929811337762614,-0.0227617568862452,-0.029433950338078618,-0.023670890680399296,-0.005721022103831204,0.00014810523700563988,-0.11155658150672047,0.05915810172855682,0.10932152548712898,-0.01410194878311207,-0.0673688990978625,3.0920929322048902,1.203689502046886,0.8831224565007244,0.7902598368430841,0.5912713264751429,0.6833503798067504,0.6187984386490859,0.6345724758363128,0.5543586727748196,0.5002914891882858,0.6057152016389852,0.5591565691461078,0.542454242336519,-0.2663595965563285,0.1016055891429718,0.009771171046681786,0.03204523150562625,0.029755813460567118,0.027388484282081335,0.030230237536827954,0.026713462694502078,0.012376860430878071,0.0037023125778320315,0.010174302866985669,0.011395348018988533,0.014090747394265584,1.5165360929386413,0.7231313238176639,0.5708082467802935,0.5162920030089205,0.41229729449499253,0.48888615681699815,0.47015259997266945,0.490802992122015,0.3722478336986301,0.40553233217330203,0.4594233686789388,0.39727739538775064,0.3700433292019574,0.5221666175366183,0.30405919863210046,0.1507707695896381,0.15902975045236542,0.34896315276668766,0.7274004055968956,0.6716761693450404,0.4383306940787552,0.2701007940369532,0.2503381445601491,0.19648604972265016,0.2573678025078994,0.23955522295667434,0.16903810971966848,0.08960809217739397,0.06534801626209874,0.14386305884510736,0.26669981410404503,0.25950117390443467,0.1923233117715831,0.12732637755791018,0.09491177328069349,0.08396457259200955,0.11843754660019269,23.666404486372457,20.38472101657975,19.80834688998217,18.44817046920951,15.569425251103794,15.353265848344869,48.306482303207595,7.846927323307778,3.711191248848668,3.1464736841499774,2.49499420375199,1.7632085197495833,1.2212487670395034,3.3128066792807664,3552.54298762378,212.33240059501745,6937.61257595486,331.19745381481584,0.18209273726851852,0.03150132174511612
117,Yxmi - Armadyl.Mp3.mp3, ,92.28515625,-20.34675022284213,97.39486379976626,3.9840306785463553,20.83690389935617,6.569117678996221,11.735577919692906,3.27262053390344,6.070631170438396,-2.4720133577048045,1.7304257383041175,-3.468253279208309,4.481405208830112,2.1227521843932293,30.49742794546062,13.188503385274752,7.440274460385197,6.921417482369468,7.9075729780028565,6.5394916337982885,7.278201892178164,5.537569271007278,6.537861816816954,5.717977511766001,5.68412171727613,6.406014518973252,6.409139098589023,-0.7567367719595585,0.026205478399922977,-0.09403274148877962,-0.025460210360046243,0.08450676274074838,0.002256379070595472,-0.015625893658624934,-0.016300710323259502,0.027760300347667743,-0.013086021234666545,-0.026711048655546795,-0.018113296129067074,-0.03309948734134611,3.2867103899355334,1.3238185444067365,0.8396623074877924,0.7730006171632082,0.931580611714979,0.7753000897182883,0.8032396862916107,0.6667602464574509,0.7340442410247853,0.667064348022825,0.7418334853780765,0.8287654235311083,0.7866159039599893,-0.052987509642808156,-0.020114846679922426,-0.041970839246785574,-0.04448154988485952,-0.013178706373933152,-0.00832542673006286,-0.0068067255358780845,0.004828361193232675,0.00019707842983296883,0.004051724778284191,-0.025514458952885535,-0.04578398913728939,-0.022611916831976237,2.5329213475252548,1.102509956940344,0.6572497590597489,0.785501878048572,0.8485168755325949,0.8627274293874815,0.7422312616183673,0.6117471280106982,0.594774605171214,0.5344432845962425,0.49581563144008184,0.6677127280359296,0.7627361661679816,0.5566309710769097,0.5273828394825996,0.5101182926388711,0.5638568703326637,0.681587279325834,0.7064195372520681,0.6001877276238377,0.5739361404521781,0.5474845506940726,0.575168795561717,0.508459647335572,0.5045723449553788,0.257042318805584,0.24233533632562843,0.23271150602933224,0.2257452690976823,0.2358421452597307,0.2604469557179378,0.25423308057883465,0.24719611997252708,0.22403474365066012,0.26860355987991197,0.23651037392578567,0.23444380098631798,21.08093288627249,15.286128655525578,16.20822072202455,15.733362586307075,16.093949723740717,15.458253828484127,45.26999630534846,4.9975313967154635,4.292159660283422,4.121738136429555,2.989589143814096,2.096656790299595,1.821341025335023,3.754275841448955,2037.2271378506855,354.6372961094294,4745.113796657986,786.3093112699662,0.040760935088734566,0.025885061916237215
118,Yxmi - Slayer.mp3, ,138.427734375,-80.4586318610811,121.15423627547277,-13.909544558252819,8.383995185330233,6.6632986903466564,10.189803357753489,-0.30229907400078265,5.869401423571009,-9.11589013831115,-8.495331221064667,2.8124558960582,10.226212771126518,-0.9643777140680655,82.76885128548413,45.363632215008955,18.976394823578786,12.1390933909965,9.219081072947647,11.019926477283661,10.254502715601271,6.641199000130475,8.177317749140249,8.507498406356182,7.140897522102985,8.054993229141788,6.516951563983703,-0.6254790266860782,-0.44704349854397646,0.03345848917443719,-0.07446409653538814,0.0030846760843960958,0.018831130825371172,0.04737044455638776,-0.028441145918389532,-0.00023380018279163298,0.019195049908443316,-0.03607136884058918,0.08238403142945852,-0.006558444895486945,8.151690370548542,5.1750473740832446,2.555576854447818,1.7289821072688139,1.2471585446914186,1.2992695633781888,1.2267915226564894,0.807525882169458,0.9363940274752675,1.2214832883988234,0.8615355782030051,0.9614878231607028,0.8771744823885707,0.005339902134347744,-0.021821160036869302,0.04194556594985094,0.08127797041145832,-0.027063208636482834,-0.004014798176308151,0.04023159758251068,-0.03205133554415007,0.01732243847441112,-0.0034477706433644474,-0.034383256732303656,-0.00274726932664994,0.01404689895104111,7.266487465110089,4.590135058063411,1.9518641504364862,1.3638789316984727,1.0317444114576901,0.9952367173381903,1.0853799232695513,0.6284492174718056,0.8416789850192109,0.9520040176280448,0.6581797522480936,0.8982486444056202,0.6908996800704449,0.29841073752484387,0.194663950422474,0.30398142429637826,0.4865207965140817,0.7670861216790882,0.6149542161412996,0.3069186206263157,0.20652850473552573,0.21690704582121087,0.1881797916060429,0.27542004096867906,0.5735459844869227,0.20158573406640823,0.14626099318793226,0.22264755786423773,0.22474042830824661,0.23858813045451646,0.28857484124826255,0.2211048020762123,0.18916775619650827,0.19712248542315483,0.16959558869282476,0.1837526959685465,0.3537384351240025,21.303026324515788,17.084066821975835,19.696077124024534,17.703878984109863,19.942172240630413,22.744191735285813,49.13751559828182,5.044118262661537,4.774220015742237,4.9273921196512624,3.3810608077678146,3.9889021781887046,5.251481331021694,4.740471945392124,1843.3392330961735,709.4004103071314,3882.8219943576387,1539.3959759939628,0.06856734664351853,0.03702808656624572
119,Голая - группа Градусы.mp3, ,129.19921875,-143.20679975052676,78.9297457330021,-17.17380090655736,27.495656167099508,2.122991961645491,-1.5905351328813,-0.2010070493927709,7.394558368089759,-4.8604077348876515,1.3667729880522799,-3.8646026547124355,-1.6316564421134967,-3.7849702230758138,79.95891504282623,25.385317197685172,17.52762856634496,14.730250921540922,12.358214014454171,12.222622466741186,11.285083611347872,9.89550976856234,9.375827826449248,10.194074000386252,9.095716881909672,8.463482732390705,7.7358814175002095,-1.2750897374418046,-0.2741629829397425,0.18930613720642864,0.13890905198598005,0.12941006287920898,0.11104374939294097,0.14340314317284797,0.1409718751631401,0.17353381793859793,-0.0030338659774394225,-0.020445296384198713,0.06384448718026649,0.05141105039482132,8.701093072684332,3.7698630110033435,2.714658539124736,2.093466330059837,1.7203997175334889,1.7159313232301454,1.4640817119864398,1.308870489037954,1.2869382714858737,1.3652711649672444,1.2552385507326695,1.0563063105773718,1.0043400942216307,-0.11463466891731468,0.1529568056964005,-0.008288684508038893,0.09794687503897787,0.036371480211483335,0.0419168469329353,0.04707081968063218,0.05709239599848473,0.026026758756887394,0.03841104203501693,-0.022513365541170866,-0.033353657902212654,-0.028946762936143778,4.715132419795413,2.8576219712780833,1.7360889230427337,1.4771926488458762,1.24349424756446,1.1496968217422106,1.1074691270332393,0.9397442829532965,0.9027848017620211,1.0157691998799057,1.0049399691931507,0.8781813087435418,0.7647130590716831,0.32348889971718214,0.35154386694301604,0.41867177739213396,0.3283743225214112,0.39368190226880945,0.3233004831464639,0.3904727882479984,0.37009702332570776,0.34815870891727596,0.5400340042600155,0.3568782108867495,0.36989742257207614,0.26334538426418763,0.2531370675125825,0.3454028986546603,0.2406319407477077,0.2656280414795132,0.2395061667751419,0.2783625790422151,0.27974357553987955,0.245218367512215,0.33009053839355706,0.220355501814104,0.31321261778169246,20.884312818633237,17.139705804173975,20.419287802653983,19.90960098342309,20.187400538184637,20.117040746235674,47.11991691187948,5.832128655645428,4.814579958472332,5.070127791298339,4.591785875442579,4.048852700686142,3.6255413142329367,3.8762180026075423,2391.6626824142672,660.2129658016684,4980.383978949653,1324.1624719197946,0.11095588589891976,0.05054500574700632
120,Иван Дорн - Бигуди.mp3, ,129.19921875,-173.74586296228713,96.35682812737828,9.636103534220178,6.7490723322571045,1.3991212745967465,8.46653382273184,0.6721117671257182,12.907674086590609,9.917477864496133,5.536992331345876,-5.688959256918341,-3.2975166580283344,-6.217001191443868,121.62086258776436,31.105924105333386,21.75339210368709,18.851694541150835,15.550929114957563,13.612534402767759,11.5009248604795,12.442766225777879,12.078299213884717,11.127483890613656,11.461909232565949,11.475303215572447,8.90328179559139,-0.7722796163360739,-0.5878566159354918,-0.13127304176960922,0.05784938958786819,0.015318505877031032,0.051254784620803906,-0.09619466522507324,-0.07549186457483166,-0.0728087976106362,-0.07315545567429199,0.015849739964189074,0.06377575117491048,0.061377993841615304,9.687601757608599,4.5692346602502765,3.1022671615290975,2.085675348278985,1.9823628517284912,1.598881346570244,1.6516849659662938,1.7751887323609292,1.6775525711410975,1.5022432257805296,1.6894686705714392,1.5237691129742938,1.1764574258263716,-0.027621894476958248,0.3281877243425697,0.26080169480216375,0.062127693873853675,-0.0010484777091654522,-0.012115165332179906,0.05498626012460007,-0.09289680019791387,-0.08542280439876687,-0.010283753163049022,-0.00019886196636950682,-0.012874624776699936,-0.0037533996791925934,5.648516460861436,3.2458866179964154,2.032844687771352,1.344130078526903,1.3125731086629566,1.0397008007057529,1.0571737138973634,1.1703462625987655,1.020503308781695,1.07748512936629,1.0813506734414258,1.0104728338413171,0.8848842342716617,0.269787009459788,0.3622709995203574,0.3135847867478007,0.44657702200591887,0.282129992518745,0.29562289055356367,0.486312453813253,0.3813931657185341,0.49495964656931773,0.4396540214563432,0.5866861441632572,0.45649612050957655,0.2041592151204529,0.29645972191441383,0.2640215749375358,0.35959887385515876,0.27369585868918045,0.24512135454068193,0.2786148439828264,0.25139605630461753,0.3625394806635331,0.29071526346457727,0.30298734010542405,0.3004437527168749,23.983650135070473,19.6032271918342,22.302601243676435,22.729678245892913,21.107234248379076,18.388312518982147,46.86503634716769,5.861234403134329,5.789612937126972,6.316453164818231,5.97507745489478,5.000523139878006,3.480917510098871,5.34522942649953,2018.2673107773323,714.340141647438,4326.645236545139,1681.026397024424,0.07684853636188271,0.04056164823037678
121,Иван Дорн - Телепорт.mp3, ,139.9658203125,-185.09439483100982,87.70428084260152,-5.052434026459118,24.289604314683398,-0.30430061462116836,11.623082598510345,-1.7613673300286872,-3.859528774407083,-4.108006421982506,-1.5270535371461769,-7.150498917717257,2.2366722747683525,-3.494485795681859,59.08723284327797,41.228657827845986,28.724164148144848,19.942046380048314,14.972506038078171,10.62281123940805,12.079445366885695,11.626303146072743,10.512085381862006,9.923805096783395,8.910648459722191,8.950892118161493,9.02151769739189,-0.2714664812119287,0.007763732816840029,0.02870105612982803,0.06251523331853986,0.0910950685839778,-0.04479362197970557,-0.08833441394668672,-0.12711509705587998,-0.07007675260638842,-0.09491738340067161,-0.05285200632369882,-0.07933916152242204,-0.09417140282357088,6.174973929616788,5.914020264891842,4.029490517578106,3.0072172568519697,2.3830581034934455,1.7508465407240135,1.8963809496680293,1.7161953658161704,1.4534274997128964,1.2247406931640246,1.1825005054962787,1.2060515509039593,1.26597650955187,-0.13919146540057328,0.09600535611748512,-0.09146336757471601,0.08051678147109477,-0.04609640625943782,0.0686451049728526,0.04609984365855286,-0.021461792767369824,-0.020748267985052533,0.02825192758888236,-0.0026447631844123934,0.0620188763362275,0.05893860867658032,4.802452201878835,4.232148218923732,3.332206941211512,2.110435311994867,1.901216298175077,1.2109395386744886,1.4324223053252567,1.3020611445506567,1.1226951828380614,0.9564765686103324,0.9547733342979344,0.9599426880425423,0.948715721158825,0.4294638218168445,0.5501209040528829,0.5203515362212964,0.36822139480392685,0.3642939948333128,0.3544455211563611,0.436234290980343,0.45154621163498104,0.5491724783600664,0.5354289100505412,0.41410581433547683,0.40901123927288147,0.2658484216007328,0.30198329876238844,0.2868262515511912,0.2485442756342233,0.27755791225780596,0.2416333102314289,0.30402261795114827,0.2834254065131813,0.31203291402115113,0.3003527909430929,0.26727513849698165,0.2902657055202948,18.864661349519945,13.96082061209946,17.408361339607413,16.558549826086445,17.870635523447344,17.659680808749396,47.26456147148559,5.743131485688022,3.972828575364334,4.717172606555793,3.88717332123333,3.258148724644553,2.881501960405918,4.080840998442372,2556.0135522766286,1046.9903275407844,5151.984998914931,2058.0234702232683,0.1408736617476852,0.0881262617130466
122,Иван Дорн-Стыцамен.mp3, ,143.5546875,-43.15269897271085,93.18764126742327,19.36011722545933,20.26053502504932,-2.2322906130625877,10.636016201480855,0.990333336951602,-1.4307608457259189,2.920688823601346,4.47101890074986,-1.658332145680892,7.596782154139177,-2.366753300720895,62.763756917464924,32.3258796459283,22.278979315012467,17.60172258474206,14.153671270827864,11.978864429772612,10.202657193059258,10.841020713635364,10.675556500126858,9.596796034065193,8.863034630297832,9.388861879975009,8.439616522082718,-0.5120373490369982,0.385931208787233,-0.18938611363877114,-0.1391589661979657,0.10163424108723569,0.024351311630187094,0.03171216979867888,-0.06724902052636385,-0.0011219087827168885,0.0241001010613723,0.035790170971907814,0.024735612260108744,-0.022914299321717322,10.32667031466896,6.278593334299089,3.2420335615888223,2.5600223127620745,2.237359492330228,1.5238178793772896,1.5450010350998336,1.3756940583054222,1.6130490125402408,1.321518143456829,1.5002124027262032,1.4515389876706113,1.225819816288261,-0.1493174270036872,0.03121046293641866,0.039983955104145465,-0.11001210082264869,-0.004102622118583065,-0.0021034009703636215,0.04022537701458521,0.018884221012819054,-0.021969877437826385,-0.04220787504756892,-0.016300084644980315,0.006916169617555021,-0.037125781958708595,7.580094033313835,4.198948956585473,2.3395849637729795,1.9527441888110928,1.5960485508813793,1.304834419320449,1.1122560931817524,1.181536605441333,1.2028660781241651,1.0420123199219755,1.0669102489763536,1.1687250651134835,1.0967823851513208,0.3477472956062375,0.4490760937563063,0.3691084494089915,0.4992649036252665,0.4692174086669161,0.374730742897229,0.4318107159809716,0.3937879734799082,0.4970499011343,0.4078851013349507,0.35907808885288733,0.4268247413040817,0.23048034498241202,0.3316872494294447,0.263425198527585,0.32181401923597824,0.30887279326522815,0.25440356361478517,0.31540403961135044,0.2703248955676333,0.3208199808155103,0.30089214279679016,0.25960647787602187,0.32739560700576714,23.388521296190365,15.311438225283752,18.13165846751338,17.380376352799917,17.20143233188203,16.209047328185807,45.692863757929075,5.855899272340925,4.926030590579381,4.548330344585581,3.862180807325196,3.5419504466846816,2.374837397982192,3.6309341169801264,2324.548950470718,905.9672805890137,5218.578423394098,1872.0815561840818,0.08700297791280864,0.06053141412841429
123,"Максим_Плакин,_Воскресная_Школа,_Слава_Кпсс_Беж.mp3", ,123.81591796875,-75.46231641216825,105.5427037425983,16.289001242982014,18.405850150518948,13.497387865995185,13.502407699363468,3.350126239390653,1.9388346791635325,-4.828775756291033,-2.387723108960522,-1.8038746820371827,0.7472499102170085,-4.583716473323695,76.63461542028024,38.048979791549016,23.66334972073734,16.66878829892968,15.002035953442407,12.986139136969179,10.640132056763209,11.966823944310306,10.52406088850392,10.931141315282083,9.175270884934505,8.38526305489793,8.008564735115105,-0.30045128737886734,0.07735170879297787,0.16375057855735956,-0.11396834159551626,-0.0054658304405525064,0.11056951151723847,-0.0058241379648493,-0.088004847039917,0.03450020893051484,-0.0908485227537537,0.0802144914187123,0.029537071226693593,0.0016176157521750837,9.088416961768077,5.790410292729721,3.3161182945786423,2.690729929600643,2.214477951053211,1.9329994923803884,1.6399179229598018,1.868797449208006,1.5381576552526732,1.6805188895220151,1.5832618054867071,1.3937033917087998,1.2823533207074151,-0.1340579860901207,-0.29557711235535,0.07382168180889875,-0.0004635635874073174,-0.0846108513119642,0.03672255058183599,0.06757143145156909,0.03190162220328793,0.01730581242296511,-0.08712473923317444,-0.005166115086916605,-0.012307566553239285,-0.03951172118023452,6.209402685385686,4.553955320585732,2.334332175581834,1.8124444074193882,1.725529404117105,1.3626568958631442,1.2307952764804242,1.260479632587393,1.2771339494800646,1.27105300318036,1.1588948100882681,1.027549759774512,0.9818553278079823,0.6371360897994888,0.5183568480812634,0.42557778416408437,0.43818224858159177,0.52791322938477,0.4526164368295145,0.37749547535772027,0.46970987868679254,0.48201665005152244,0.5364495955442113,0.5152773490336574,0.5530457119888591,0.3024402567982602,0.2486725789483478,0.23502674767852486,0.22593968721648724,0.28339244194861873,0.2631127309808194,0.25504680348192044,0.2844638945580576,0.2646395148483634,0.251420026256457,0.24367964916224416,0.2656077250692,25.301538861916455,14.465861508119888,17.18331348630593,15.869114681477003,17.2236466710654,16.88023933958384,46.28717521532013,5.9998184110438375,4.249905266937781,4.037535002044458,3.200204315156663,2.6056642804677215,2.3000444417872576,4.713203304107512,2040.7427209878995,1014.6018326100267,4529.316541883681,2248.8440716420937,0.07064254195601852,0.0644497130902643
124,мгла_–_для_каждого_свой_выход_я_в_этом_смысле_экстремист_.mp3, ,116.89453125,-234.82627080227994,178.74440357861695,13.937998726780032,-3.5499357746707063,-0.19966945992667742,0.5389067797381201,-6.393648203646328,-2.9163041996804098,-10.73162139069151,-2.6794648403186856,-4.159947251464113,-0.6129361973776493,-6.403562593308312,78.35328831110105,48.0331495820703,34.081042048169216,15.30503898395635,15.869678299597426,14.737442353662283,16.264210958131482,14.482002405974546,13.105197158840015,11.875507167081238,10.894140158892547,10.006115083629416,10.275444892918165,-0.5012895264919713,-0.6849762805231651,-0.022558076761341028,0.1426625671368207,0.013556470387373815,0.09785623966865702,0.11188032803194665,0.009789330649109194,0.18475947286761193,0.17912034800327903,0.013347804330772275,-0.009670391062599386,0.04318961544049671,9.962010574453261,6.935830077673814,4.256654584634786,2.64456546919369,3.1862818279682386,2.6573011174217847,2.9846077831911075,2.8816769879125474,2.463368356258393,2.251229312994194,1.9962314015521667,1.6633254572754501,1.8230837475563035,0.7907322729581306,-0.47002011934226307,-0.036922892498105396,0.0723314244116162,-0.04460671180600508,-0.04296462273334417,-0.1803073141778486,-0.06501011333980218,-0.029423579967431265,-0.05826386414722678,-0.05930672955466074,-0.07432662787583849,-0.03787413897441217,7.840106019012107,4.840463912114081,3.3502049040970756,1.8544610798045351,1.863414003858259,1.8167525937701958,2.1053299648107395,1.9610494498730076,1.5391874008868396,1.3573708060155736,1.2045484773934907,1.1799682125510647,1.1950201934991476,0.38005067027996925,0.37187886499888895,0.362653050889846,0.4254380196428058,0.28604457750438606,0.27688024078676715,0.3543087249074885,0.3136243851331528,0.31664771281892756,0.2695715120071214,0.3649937024639695,0.5124859203484605,0.25614583109838873,0.30516132019761155,0.26522558466991847,0.32727686784517274,0.22713274945735282,0.25117584722216374,0.3076799243284541,0.27222758472926256,0.3097465386289482,0.24831461842612856,0.29083088970487475,0.3467796717491436,20.34070426159524,18.24530628152254,19.716338225526503,18.98797439048283,20.240897985058652,18.74835495178405,46.87701541061525,6.032454213892783,4.664444060815277,4.183146620912317,4.277002962146123,3.4456304143320398,4.187717856890393,7.516357333797905,968.5476119347844,583.0319786057622,1752.7960883246526,1210.1873719927191,0.04782594280478395,0.03369551718282173
125,Овсянкин - Sour beer.mp3, ,113.6474609375,-242.56295424699783,104.64138192159159,-17.366875639530246,29.777475153728403,9.959053005839204,-1.7339299288060925,-7.672190938834791,-3.077284901506371,-5.760139083650745,-0.3804313287046955,-3.9812178715235653,6.156646066839681,4.122608382599773,97.30402209369608,43.23487078232838,25.329827079724424,19.351895694219944,12.048234973756117,13.949646468729767,8.926495910757163,9.13769342251045,9.31178394085784,7.390616651849885,7.908267068298119,6.687646339233062,6.283977247508602,-1.520649176556617,-0.4351155839251055,0.2590500949184916,-0.1376599275139103,0.13986335328133273,0.08922120306732846,0.08453216014378188,-0.06158802284640663,0.011382507369422387,-0.030951161857372445,0.08383788773493574,0.011093022186815002,0.029275843666951396,7.815248707139072,4.205499401654314,2.7392426208839633,2.5964468111587444,1.8531169429257435,1.8938032966091451,1.3309202634468802,1.3123784227907385,1.2088631451344052,1.0351625935526598,1.3019290495346765,0.9233522757638518,0.849129701189815,0.10101256917883285,-0.17441802833625977,0.1426103793400452,-0.02078108716163968,-0.006541000259824581,0.06864222413199138,0.015329328658818095,0.00849653627467629,0.04546461603173089,0.0022252047589669624,0.026838476794058985,0.039086857031639895,0.016344222891348178,6.2534378409174485,3.230721993941233,2.0930613327995586,1.7556661018773123,1.4443058028003124,1.3745813932747541,0.9652611731537174,0.99925987576266,0.8701207518056912,0.8292430644032539,0.9646896239632055,0.7691642689126857,0.6431381673924691,0.30215153666385625,0.4304701022711801,0.5031595457040555,0.5296520066712006,0.6922858322016251,0.4628842666538226,0.37691259794052184,0.2727522118265718,0.28942059324968056,0.4875752945095703,0.35052938645786064,0.28806744351046,0.23652223318133445,0.23095125936445035,0.22936690599774986,0.20781391944469205,0.261083601850096,0.29936824946472534,0.2537431381926358,0.23737338567316837,0.22700837214727979,0.37275309950269175,0.2651124837816934,0.2203306982026981,26.183329408858942,17.15975986118369,19.65498707532537,15.847442324171999,16.598715852867226,18.753771845623874,47.69679375262515,5.920501610455097,5.032461172556805,4.743013738003829,2.9957599754801,2.16863674010512,3.902494932884812,5.172176461451192,2025.9957741712203,963.5559254214459,4336.680772569444,2084.492974784596,0.08217441888503087,0.060692208509258105
126,Околорэп feat. Johan88-1 000 000.mp3, ,161.4990234375,-109.51538013777247,88.68682889971467,28.694396198899657,24.99425370246172,3.8817077780395386,10.729716125921703,-1.1558746601696368,12.214243040224652,-0.6630713194608685,12.28678523171923,3.3377744372428197,11.244670945231194,2.502756324723179,61.95903891648933,37.11431896848629,24.926025846997774,17.792764984141936,14.788020773014066,12.600041654136687,12.58417543600136,11.190199762956647,11.280211830572748,11.322447334450496,12.054888517784137,9.565527468316501,9.63153127926636,-0.2169440047769451,-0.15277620931845848,0.24503179359031313,0.060559920346125264,0.13604283700036002,0.07864441311441041,0.026272074192946342,0.12141724122346115,0.0645382770329619,-0.11190786854835388,-0.1331478559561534,-0.01350728315329984,-0.03736806667070653,7.5008572223593,6.273396107231992,3.370982787236107,2.7825518604491037,2.0367907599452515,1.8669761828462565,1.7687645906387794,1.6389157551255142,1.695470184508289,1.6569829374821474,1.7672148547725115,1.5298936306546234,1.2887121600147984,-0.23369398781236397,0.08319837436148966,0.09336048677954593,-0.014424126875787294,-0.03565028770381217,0.07109378246025665,0.12357320361785062,0.019682855993857096,-0.0011428485589998715,0.00396876624946333,0.0548667527122975,0.029325897285116854,0.04149566781218452,6.955248324140985,4.073013592836992,2.5984175698403216,2.1538075810130772,1.8295613828889936,1.552047701988884,1.3008876162548775,1.257782777909583,1.2224158059934143,1.2631906992428898,1.3065267847010122,1.1416397265433271,1.1162253784992586,0.4220505483925665,0.42840111845052214,0.38198199226049545,0.43101980757071745,0.45194835289680385,0.4283057798252061,0.4816031565826478,0.46260915671038316,0.46683684523493324,0.4604195966773356,0.4682399659564167,0.4568392200076401,0.3051291892299332,0.2874233116937111,0.2731034440285165,0.28433238405415057,0.3088779119333789,0.29475900598196897,0.30547733226093826,0.28266044607317103,0.2980074930718592,0.2951774106161201,0.29182830820424926,0.29901779089298175,18.39214372710129,15.250099806501224,18.64717928772065,19.627374038525556,18.17361472570963,17.374721499895667,49.215555335301865,4.261300016633165,4.4564036748990965,4.372522135382571,4.2768773458072795,3.371161333133644,2.862904192256804,4.776949951335627,2180.35798020437,1105.4500392548719,4833.240424262152,2291.399730570149,0.07214355468750001,0.0586863758775682
127,Прованс - Ёлка.mp3, ,129.19921875,-64.22374551301753,86.26499492150765,4.319986270257719,26.43193660106188,2.765643377018011,3.924659181248259,-1.3352730357904494,0.10446953819489806,-5.297954905111297,-0.7598413556158818,-7.345217203422461,1.686348786600578,-7.675679287424795,91.88296569311335,28.475012762728145,22.917672005201485,15.108351205580803,13.606300508848728,9.80151402195999,10.487663926745093,7.8944067152625195,8.602136315248599,10.423429074307032,7.531209394635,8.341999007355176,6.993292861340028,-1.5904617035462534,-0.0629165417652715,0.2602551742068802,-0.13258442285479288,0.08723578358178291,-0.09528671816008649,0.09279873617745098,-0.03810248664394524,0.035179860815175885,0.08904357073953617,-0.035341454908412735,-0.016033944056727232,-0.0549911482977885,5.787527806450182,4.550402127376891,3.1264217032086528,2.0020432666049603,1.43640659437166,1.1579096173709684,1.238820314764128,1.2499206704792731,1.0913182177046123,1.0074221505629974,1.1483878623270636,0.931452473521393,0.8202394779591163,-0.16754984257047145,0.03322064876125229,0.008434501838766867,0.003533404084773345,-0.02724348899425456,0.018938226980318166,0.027152618123866965,0.03182042416984238,-0.031227889166782718,-0.06282905763429071,-0.02046182049714305,-0.024862979051519046,0.020505997226544784,3.900094922502154,2.9811307656875066,2.3131058911124427,1.6887705160251727,1.193886232816598,1.1864489130654132,0.887360729252953,0.9360188574489707,0.8728266386061083,0.8841475709256992,0.8160199118751024,0.7166521890120207,0.5947845557861028,0.26123952882559853,0.2403332213267546,0.23961623660238449,0.30366139547873494,0.24836239508169208,0.44443892297783383,0.4622622039226562,0.24328100575525083,0.2688760395286846,0.3035239226294015,0.48289424720231766,0.33362056968595694,0.2420536711755916,0.23062496961871395,0.2307961362451735,0.30920488244805483,0.19337571176295387,0.32426930996501707,0.33596400506772395,0.19677691186764867,0.32219010942110116,0.24698336443038513,0.3031845902847588,0.2700257475876593,20.248843790079736,17.440834600557878,20.84372881486374,20.127674626052283,19.572232184571984,19.119939632196516,48.11674649205935,6.4095123307394894,5.033634235307779,4.882001003642119,4.443420690524392,3.778470163116541,3.3519415851483543,4.65999796868359,2391.451963401812,835.8555842607592,5203.923882378472,1961.9587241403642,0.1010154441550926,0.05006841598831441
128,Режиссер - группа Градусы.mp3, ,161.4990234375,-39.664479882720805,83.1131498269093,8.483588385913107,15.162207394332432,4.363482571172494,6.9563587003468,-1.3100848434331975,1.7926477601314768,-6.23818645088209,1.2589373816908511,-5.0545164394065925,-1.8647630697829118,-4.987488023729788,60.326382555327775,25.281508628672395,18.813007791107452,17.463627796318686,13.40061455292684,11.543021095210891,11.285123891121232,8.37648766681791,8.682284453181323,11.115371240817547,9.147062749938534,7.744432956839833,7.466892873648999,0.1701897565551378,-0.0657241942740425,-0.09993068409945678,0.03557943879845151,-0.06503348302004146,0.08295503929602327,-0.09527095583954504,-0.07829532242684774,-0.05366949775014763,-0.05757321621992705,0.08093641992991814,0.019975323212422135,-0.04714909263449595,8.745946724897541,4.444225893674591,3.331326463478696,2.7022234712856004,1.9124901427422059,2.0485709160385284,1.9261004781673474,1.311455857252909,1.5367601909956854,2.04809471796191,1.589962505965505,1.3786826636570455,1.1776729442783707,0.02115295497401629,-0.16654463912170658,0.05537957540586774,0.1656643912644574,0.07424903010991173,-0.0392928948700658,-0.09265008546917895,0.009159858051089593,0.02290838812068277,-0.05460728038379773,-0.019325465916793932,-0.007579370352933985,-0.02343329045070726,6.278237042585364,2.777094389707108,2.306374600417475,2.2544883114198107,1.684678324187411,1.4262778608411475,1.3026481835387747,0.8689574406806039,1.1311421436540694,1.404041671298236,0.9737698962217104,1.021943908823308,0.8263755729821579,0.4842194489025178,0.49805262337588235,0.28039843122543834,0.25746451047634317,0.2783119771302603,0.3089815556110504,0.2317603032124792,0.3678886817572753,0.3535474016191726,0.20966769354834716,0.26135149523026574,0.25549645065818627,0.3257992377296886,0.29915858176124094,0.24002012954560978,0.2590685498403331,0.27286257136932185,0.3158255877213388,0.23493411175395887,0.324609027723887,0.28904300745894246,0.21653247561037023,0.2878770967432553,0.2115455453430125,19.071330095455263,16.970427937018936,21.057758459061187,21.681564546154835,20.520575251131415,17.78699806989417,47.73563648619814,5.881366264605539,4.385744884481501,4.391397028139154,4.6144089867617675,3.5346884810460586,2.5859020443740164,3.9706189392960614,2511.117802913485,662.1507195071084,5637.578667534723,1472.300622674381,0.10072006413966049,0.038952755727345585
129,Саша Скул - Это я.mp3, ,161.4990234375,1.9274841960473559,76.04272470319712,-20.15873012608952,46.553259771547204,-1.8447151139010618,11.02772961538515,-2.4375340837157435,0.5033797153536184,-6.577333040719414,1.071350498009979,-3.6603962289698324,3.2922858067868668,-0.8241591985095983,29.733464364747505,25.713799849124637,16.60889263962668,15.821241776896203,14.432984925460426,9.612953944952082,9.737724285416155,8.481653184424067,7.925896626437726,6.9221549476681234,7.7670459697788745,7.636573722725541,6.844899536150415,0.031127884213663175,0.3974746038798059,-0.19496214353151756,-0.264022851207604,-0.11494066635790616,0.027741237661375862,0.09850893022469531,-0.11430719103211433,0.04726498330839806,0.014820751963315512,0.09943054113709542,0.16412940820288144,0.14219024974527986,3.7968209685231904,4.321718943933813,2.6656135548391595,2.4575024936389376,2.21441438897023,1.5621723345508762,1.7256124041651066,1.381825104005501,1.3645119443294262,1.0877876016888344,1.129554569781675,1.2406135596454704,1.0443219429484654,0.16661442298281157,0.1623675308684692,-0.11468999355134589,-0.030406995908749564,-0.06040490305419138,0.022224146780776388,0.021016474303007585,0.021594501743639277,0.015821745021291723,0.05519661558202733,0.05166945680918425,-0.005207209930148689,-0.009258484479361844,3.5882947798775047,3.2557985978475252,2.118822594173584,2.069265312263262,1.7315242925147194,1.3687755074562975,1.221206716421966,0.9972685176108725,1.007791102349029,0.8928143466777335,0.9504542224061036,0.8849615534832852,0.7131938795044027,0.5657013974003035,0.4878465769191583,0.38938501491613775,0.31518911467117755,0.32645472417654536,0.2837640037717022,0.29799264750765336,0.4209577734179703,0.36541548384537487,0.39146462612336985,0.4907020499418134,0.4490944532401584,0.3256687366529117,0.28601117762690137,0.28574470032222593,0.2425358451797501,0.25163597558181233,0.21903819197990526,0.22606040842589967,0.2957679802907431,0.26253472945854966,0.2629208574186684,0.33826846168395863,0.27665611746397517,14.151828976743651,14.811664221983042,19.425058503732426,17.53127984693405,16.248668069328104,17.944393370863818,49.27654382647072,4.097951017735576,4.009757946868135,4.818536286445037,3.8889900142724945,2.0079398891206797,2.1031419988364553,3.8240248530379906,2573.552315656254,647.156185575664,4952.470567491319,1099.0979598564272,0.14126850646219136,0.055443210914331464
130,Северное сияние - Иван Дорн.mp3, ,93.56689453125,-160.02688635628166,86.34675412293937,5.689066777534691,16.878952663161872,1.123375450019483,2.7781059067742326,-9.20665123631005,-5.329427554467578,-6.590534426041959,-5.319059897720078,-8.400473219652971,-2.4349131643036266,-6.687326826983028,117.78996070027442,47.16949004961199,26.87558899629721,13.547958513521964,16.596376238002303,9.954888556716833,10.449246523918307,8.66046830295027,8.934319315538273,8.176703535328988,8.932748276080956,7.911970197507682,7.045547834832384,-1.5850869634671618,-0.3183716247289407,0.11269107212335515,0.06487743838195816,0.1323496189750271,0.0015832770200457733,0.06974819294222988,0.005877127146555315,0.03763436329519422,-0.02428295421392519,-0.02819685321042521,0.027051461052816406,0.02925518670307622,13.221495549305894,4.952962177461999,4.1473553107760806,2.208385688434847,2.2904281376216185,1.6125118271147836,1.797774304237145,1.4985512202537052,1.528806899943832,1.2490072439735729,1.5686856211321558,1.4569336125942056,1.2082864353177143,0.11853139297670202,-0.05455128933636494,0.08868393842935746,0.016283166077783667,0.07431457474695542,0.06233952397963515,0.08094605797453334,0.023995795600507176,0.005204594774203329,0.09215678150742602,0.09004628363555515,0.06825600516907641,0.037343794060296115,10.32806779316865,3.6154234454576457,2.978451448654972,1.5222224581770696,1.6128527256287652,1.3051231173862876,1.320785503974515,1.1886434095613445,1.2231810765331435,0.9848089175305729,1.2162985457321362,1.1244037613311555,0.9796170919771114,0.4995170402926979,0.4262322482859922,0.4151729823156249,0.4529524074772511,0.5218174970869757,0.4110755971561037,0.41132772724822536,0.44625562523997586,0.4848727732666848,0.5042662274194479,0.378493878700092,0.4307812390803003,0.31236093466511844,0.26262499901875086,0.32436252975624424,0.2851285453299653,0.2935463753653598,0.26229986272579436,0.30583133078165176,0.30068784003551213,0.26119596482883145,0.31881807746703644,0.24679127853217417,0.2798274401421284,24.92367966627499,15.219245124898016,17.46474551570351,15.9817533711331,16.681038041172666,15.89162855951311,46.1814162787879,6.402390432579147,4.890543729156829,5.370283750517479,4.012130532235871,3.35437179440232,2.636388335480792,4.334631000819221,2457.5585736065345,1067.8591564793605,5196.746148003472,2206.1662799249757,0.10386375144675926,0.07347346777788237
131,"Слава_Кпсс,_Замай_Мертвые_Звезды.mp3", ,92.28515625,-162.94617468035884,137.14633150453923,-2.5189951815079024,23.537860918744112,8.539972648760418,10.567301975494182,7.679373558288739,11.684252396869807,1.4443840535334598,5.192720435536754,-0.5862527776647498,6.502804120519646,-3.3881025455984073,62.86367996582772,28.07837694144847,16.056924223741326,9.56736509475626,7.718631998794398,6.266743719804366,7.188701639325484,6.634702780576508,7.027386208436533,6.433396764599929,5.74163038425499,6.470950461065898,5.870728102291214,-0.5782322236336768,-0.14942591021413754,-0.08266801953123147,-0.01144154635574209,-0.05529312859792377,-0.018966384289533265,-0.07220899157892958,-0.010110441075758661,-0.0730913964910059,-0.0628430153168508,0.030525356851644633,0.030765615333767066,-0.006565891158386898,6.039614765181477,4.393687951495288,2.154521557567421,1.3049892310368645,1.1828152912622667,0.749896038632989,1.2161811178253454,1.041489873822808,1.2469261206458369,1.0102523900331315,0.8615430375269532,1.1992529896302733,0.8640402373797484,0.35759619073827326,-0.30658049963092726,0.09681992432286525,-0.03994691198875691,-0.02374812860557821,-0.024893300367424404,-0.021445395135720274,-0.033230914320556845,-0.011897055847289326,-0.044269842480131084,-0.022702403314106945,-0.04855050248323006,-0.008365376163302794,7.408403334822087,3.7675361430626997,1.8361854849738997,1.2775818228898224,0.9391812311505925,0.7811510746509026,0.8917323204783288,0.8486902721044635,0.944592475326158,0.8109216537273746,0.7573178298761206,0.7772152593651628,0.6238993426318585,0.3052408790192855,0.1978725218674007,0.40246483261041616,0.4794480439410602,0.39869628048697375,0.32305126586055133,0.30509483970609713,0.514089823010619,0.568084827710495,0.5624614879258989,0.563411348844292,0.35142227422652966,0.18655430122376745,0.15119180683075273,0.26161884003166014,0.34499735002336657,0.2573044189540636,0.2438908193991103,0.16582793716418806,0.2811837279535449,0.3175999665609927,0.1931079689169988,0.35443552928287786,0.2251751595941164,23.486301839299852,14.858701625774637,17.102593796782426,17.767132023504097,17.991862691791383,18.051675027060053,46.53200697129248,5.620942407266109,3.7877303663747415,3.7847092456958458,3.184997096054867,2.9670641178384334,2.997870784533547,3.9945397883114127,1488.5866568929466,542.2949691352081,3139.7603352864585,1479.2248815340865,0.047801830150462965,0.020470669726492214
132,Улыбайся - IOWA.mp3, ,129.19921875,-113.89291646377539,82.1234558765535,-7.713895649752684,15.992001874027428,-9.354632055444391,3.971169352715398,1.2687104982726363,2.490087131153286,0.7588929465431492,6.6658806849593,-6.886061717284682,3.962842069290302,-4.0256003434367384,112.19623409231859,34.69218525001829,21.784414701254804,19.32223870322355,12.337014796305892,14.174054585375577,12.789687222175536,12.986351883929764,11.98378796905731,11.29987978049009,9.173339887635002,8.743502302324506,8.14457577726063,-1.8707084678987294,-0.13258573123491743,-0.08783731355768755,-0.16382666368771884,-0.03877410858317657,0.06819699958748655,0.09103086316400426,-0.03824334376213862,0.014046648964228354,0.02011918483508958,-0.05321119221300677,0.005424673928818842,-0.04521049076495807,7.649191674469418,3.875045627659535,3.2667495392300956,2.3141802694085873,1.7479948290907996,1.7517336934983003,1.4696409167401503,1.6170737264209833,1.41139121045648,1.2627698528584146,1.1356085417874522,0.9939553705503229,1.0596974652056013,-0.09642174036276561,-0.0180549796808649,0.05619537019613486,0.03289384140441177,0.014378077462660496,-0.02595143215040917,-0.009648469328466391,0.007163742609626764,0.009975043529311172,-0.04877743235915715,0.034826014701756336,0.06747832096233551,0.029170475016818038,4.36764100062751,2.774537989324365,2.371133010398227,1.6067362114394823,1.0806442674531072,1.1639568909316418,0.9063865523066786,0.9372960474209635,1.0904998487242208,0.9726088109290885,0.8007072857859207,0.7671536324389607,0.8086182412255355,0.3013264756632845,0.3237196237558821,0.44043673795682414,0.39544891232529794,0.5594229284935505,0.3400982650310192,0.3585812500620514,0.3533498628875586,0.3946288473728791,0.4585642984954721,0.4077656745600204,0.4444747214582116,0.24050387455602149,0.2300114619757123,0.31538187595562467,0.25442723408804024,0.3353471041472868,0.22536687065640426,0.2783774835934308,0.2583845455646269,0.2707690701333602,0.32923407218477113,0.2894406903227999,0.3090572688234979,24.577059484819046,15.777270990088988,18.783940237890935,19.201713406197175,19.81229358358819,19.438036160808327,48.48380764655652,5.529919951501362,4.802598742608526,4.678558529174625,4.445580559916752,4.344999191813433,3.7588850276765275,4.733734783607148,2115.9642969863767,755.5147378029483,4393.03927951389,1493.664208552449,0.08815435715663579,0.05699256775263719
133,Хочется - Градусы.mp3, ,139.9658203125,-57.199476907558655,71.5868759729244,7.203695050774165,18.25605473658185,1.0627033287820258,5.42613041460698,-6.745508243870219,-4.597898920285114,-2.9962334648050644,-3.7576853220845443,-9.881217376214027,-4.740427495083875,-9.536796639408962,58.78217361252365,32.22687181056103,17.974271964388965,15.176611559811699,12.746188775125995,11.883801334145987,10.867728824365344,10.422410889928877,8.624193773696541,9.496394380895053,7.6968592855818585,7.225712670246058,7.11523339639453,-0.2884387897936926,-0.013577626688969264,-0.030685412569580895,0.13749997576491702,-0.054698895735243606,0.04898526834217648,-0.014952712316485697,-0.06763263306735705,-0.04681039807518922,-0.05488268261211084,-0.03965038099731491,-0.10494253457772523,-0.055005044536233914,8.882853004839836,5.0527002309523645,2.6990617075150074,2.3863028238174397,1.9260890533487265,1.8441364020030113,1.8787616304219465,1.469180412486189,1.2371222462923173,1.3981690845957002,1.1831877733396783,0.9426510926007142,0.9023873596715064,-0.4403691438880439,-0.17736853858783705,0.021469553206748333,-0.0351941027092161,0.075194299187264,-0.07742244147991668,-0.07050069496552978,-0.047082216833160474,-0.006066598440448605,0.014682211601110695,-0.0015131475520320248,-0.002072163445754322,0.024487062296845385,7.356688524203109,4.067962436415766,2.126917283066939,1.8145256271027457,1.4783162123002296,1.3021438826766776,1.4018097235181495,0.9914260352357949,0.92917388300821,1.1598237907780566,0.9105886689293503,0.840505745454673,0.7820743086858967,0.3991721378880794,0.4191698450408301,0.36186222057720574,0.2886380501965314,0.36285531554474604,0.3045279681589167,0.42173074315629755,0.43150024885530186,0.4112205020652187,0.413678197250529,0.3719803470267374,0.48320268306817954,0.2601958571276952,0.28498846133328204,0.28012802505588835,0.21565014637920013,0.28444207507765623,0.22076412125854383,0.30587707218190463,0.32081466151885213,0.30196562000328847,0.31391870568834085,0.24863728429774903,0.31075912578635817,22.54950893021962,15.66625000901069,17.699261714996215,17.02963399491723,17.806277974657416,16.711832648177538,46.41045631019927,5.537671555952335,4.398318815233902,4.084361950973727,3.498046998734401,2.9856413202309007,2.3643878494627053,3.675015582471234,2876.4688440763016,974.2490832771035,6049.068874782985,1595.917804597834,0.13266480999228394,0.08728800239200173
